id,pred
id_yorywxet0a,22.63340958261181
id_9rhbkh8kye,20.54394257662027
id_oh2pg7ik9m,20.126873781095675
id_u5xtrnbshq,22.017377775693323
id_pfcdhqpggy,17.44249655061295
id_rsbolu1d8s,20.79251283657844
id_1o41vsdb40,22.087900942466113
id_bthds7exkp,23.574735700542327
id_u2lx4hcr19,18.34788430203637
id_vt2seycroc,18.800822979018015
id_ev3xsimi3e,18.42720832470019
id_8wsnxwqlaw,21.55692282919327
id_jhks2agjzh,17.650225066998782
id_abc042gxa9,19.085073066380556
id_t39ajz3mpo,21.36075392377565
id_7l7bqpd71y,21.416941931988024
id_k9uhbcg8zv,24.68838085037792
id_kf067ifyeu,19.03411978279003
id_6axl9l8y0y,18.325965787739634
id_fknkdrl6fy,21.65946991190713
id_8gmporna5z,19.014524966289414
id_a4bmoty06e,21.838080797286455
id_czo0d13gtz,21.991400062242235
id_co7jt5xego,19.12209803729505
id_2x6lo1wgko,21.09781620119291
id_9wjap2et51,23.395499234213418
id_c7mps6h2ft,20.935664982225102
id_j8yje9gqi8,21.218193590460082
id_vju59tgxzh,23.545997864053394
id_8lap7ve7md,25.435286407643382
id_pvs9bs83s2,21.514687413956562
id_qdivis4t0b,23.24477623150119
id_6ihg5rmjar,27.419554657581774
id_enahmr353n,19.94250568439975
id_m5la6rz5vl,18.108507858141852
id_lyc6fznfhn,21.389240212960367
id_u15ftwfcl7,16.925891440096237
id_mjaugtu77u,28.671739723503354
id_h1bl0y44h5,26.049406379165358
id_ixfnpr6f21,23.100531330690757
id_37e3n0alew,28.070815313029957
id_mj9599i7yu,22.926407476850095
id_aq1df4iqdu,30.621209238358414
id_2e5mcgpio6,27.725566832285985
id_o99bic4pl9,35.872939780294814
id_wee03f0g34,40.642371708748186
id_ebyp7dsb2j,45.72205965271638
id_xrw2te1q07,41.369340795941724
id_e1pr3nswl9,41.524346980437386
id_20jn6yzhpi,41.772692140726015
id_ef9regkoel,46.53964480459037
id_ja9p3oi1ln,41.18828370432519
id_u4t0meqqix,39.89574286493463
id_ha9378tgsl,43.40546473088383
id_sm9fmjwje3,26.182491850992076
id_pq1s2kq7qs,57.812984069251456
id_zcw88t7w9n,21.863795717775385
id_9gqyxg4fuy,20.968622786429886
id_jlbv1pe7mw,22.23890361202685
id_nqkrnumlsr,17.421212895181657
id_vwov477zro,21.35239510929677
id_k8t4robso6,20.66288942830679
id_9574e2s4iv,23.51158997960809
id_g6sz61x3ui,18.01613651737575
id_65fdu115yz,18.69648615821719
id_jvvhzyikro,20.753580104844037
id_mjtm49jd0e,20.838163518571676
id_qisen8bs9m,23.408546213511464
id_4qcwh32n38,19.070036804875997
id_a1jgk8addq,18.915859832252718
id_eoh9eceljc,21.42309875640723
id_c9l6rfivhx,19.208655436442136
id_ity62l2ixr,22.391432038215257
id_b1kdt1v6wk,21.991400062242235
id_31slek226d,18.849135878826424
id_r5hynclox4,20.757543221269863
id_1zdag4te8b,24.841876359114472
id_9cji7mh5kx,19.967058281745498
id_pgt8lf7tci,20.519364070344512
id_9xwjmedzm3,23.07305657744028
id_qmng1j2b5t,24.378526887027977
id_lsjhv6dlig,21.53070844342402
id_5ei28dib31,18.937661865742115
id_djt23iw3mp,25.8642419113663
id_m9oojav91p,20.18107648087996
id_oivxgblcp2,21.389240212960367
id_0kdvltw7vu,25.673140894387377
id_6w4ajmwc5u,24.210470958664118
id_urkooowq9s,25.734540145870533
id_zj9z4qj012,23.17570242258025
id_8ziogga8ul,32.01471902791147
id_3p9o92k0y8,27.639251837038614
id_nys5746v2q,32.62015946474993
id_lfeylugwfg,43.95207106145299
id_doohdtcpi0,43.07064385714108
id_gvsxbrs2ay,41.369340795941724
id_tazjayaiyz,39.57088018767268
id_zrpmkxoezw,41.93821591226306
id_sqmq0975df,46.27502597283734
id_6lcd3eygj3,43.28263030797153
id_7rpimassqp,39.86498168365811
id_63ls321ztz,43.40231100029672
id_tkciymn5hs,26.56736873190068
id_kasmldlvq9,54.02498155939993
id_1mrr0piel6,20.251814610706234
id_8dlgnof1yt,17.83237031054147
id_ayhykhxv08,20.890857944824283
id_5veb3455kk,18.30307193234335
id_0gw6p17v8i,20.35909790261242
id_h21k3oibhu,18.65947032789347
id_onax36r19z,19.244504128073345
id_kf6alfal6l,18.45150766958401
id_rgm4q6o0n2,18.308589889391627
id_051ag5i4ha,18.486516333927277
id_03ajztlcgf,19.782657243561523
id_h1gdh0ctos,16.60444415539498
id_wea0tzo38s,18.668683586828596
id_d77c6v7xlq,20.63257254933207
id_o5czlw27eu,20.271427124253513
id_z3b6rgvygb,24.797961483220437
id_iwwln55ll9,18.562603833830707
id_ctyaqjhqq3,19.357485012133225
id_bk5kqdpcvl,21.637858830824506
id_lcaeji5kvm,19.014524966289414
id_4iuroyo095,22.84591463304657
id_hwhg2nzcn7,21.99617668106481
id_zfyyzm0tfl,19.430415282070364
id_aks304uagg,20.48978828357275
id_5muf55bxe7,23.395499234213418
id_or8005ins6,20.46223794170284
id_5p0q5jonr0,22.888908051857857
id_qjskvygs4l,22.086938271712103
id_u5iqw2tz8v,24.00480112904598
id_gckh1uiy17,21.59643190700374
id_8uh4onl5v8,23.712542889265155
id_46wh4sy9gi,26.825824122848196
id_zd5wtd5tmi,20.016582356868128
id_8tax5ieqth,19.601783172902994
id_ouo0ii1gd9,21.389240212960367
id_ofkcbq4gav,16.17953547315343
id_yak2zy4o8d,29.160712678244295
id_lmj3zlydl1,26.009175335514854
id_r5cm1bhxkl,23.066355134249644
id_0zbo52y2xz,29.657704439174367
id_obd90peb73,23.24962665373308
id_yubp5ipspp,31.139112939608257
id_q44cbuudsn,29.42072840146087
id_kav1f2lb2r,35.1242434756949
id_gxbkwk0iez,39.47525128004899
id_ek9x8hre7u,41.115000712509485
id_r871vcfbl4,40.959832498420226
id_35iwrmt1yx,42.839050003265186
id_mgt3ob9nni,41.772692140726015
id_ata3d9u9ij,46.53964480459037
id_389jy0txmq,46.47533943724562
id_oaaxhllgnf,40.64212810644884
id_fpoz5ozfg7,43.49981091499521
id_hygp8jfsb2,46.658362372239935
id_tgmi1f70mf,57.812984069251456
id_8xhlkfw0vd,18.863879163989914
id_n02h09aa2y,19.755767588662053
id_vcfstyofl7,17.102791940198752
id_jjreek4wj9,19.307930602808412
id_x7op0k35jb,20.654261401892928
id_m0rro9r1gv,23.726735830276496
id_9ky9s3jqyp,19.812058814371845
id_ohpg2cpkpk,20.709486406225597
id_s13clcy2o7,31.392797510765053
id_2h4f3oh33x,31.463268798235543
id_lzsgsz7nuf,32.903967180661276
id_gnfl6qhq2v,36.22915997365562
id_izavvighqu,45.355258750794704
id_5mk7jbh470,44.1049802407897
id_y78kz2lj7d,43.22303971230538
id_r0jik026d1,43.84041698932501
id_4l552ar61j,41.63114216248441
id_yog4iw8i1o,42.71447773924409
id_pv5p2rds8o,46.57872434595011
id_1k5akrmzgv,47.78706777632777
id_ks7ucfmf06,50.472734657053905
id_15cuw1it4j,40.5983064029694
id_kfgdu8dkqk,41.64326339039102
id_aa4sqe4emy,41.49776373596242
id_zytuipkh4s,39.72159519212339
id_753xfgjvu9,42.0769707454343
id_lpvtn9w0zv,41.05616780628494
id_7asrrizo0g,44.45869695023559
id_8bwlfohvu1,43.930030113308746
id_1hy6gjm6kl,55.97057567687347
id_lcbe5mxkum,18.350330591591458
id_4fe6r13wal,23.953422899488864
id_ijzj8r2su1,19.33668936045816
id_msz2inba0v,21.14337930261943
id_qd11jjsx2b,18.235661744604798
id_b47e89k3ve,21.544541131653975
id_7mb9t9x9tu,18.99094741861194
id_mvbhi84jmq,20.47184755028039
id_3yqqem9nei,18.904441172256398
id_ivvauoj9x9,18.27916540055442
id_3jy613lg44,18.851802044623323
id_m91x6rqccu,17.161880047311687
id_8q076jp0mr,20.155169361767218
id_4zcmj012is,24.894293576043562
id_kpjiqdh6zr,19.033663867140554
id_dfajl055xn,21.098232891693684
id_frm2rh8uv4,21.84912511795847
id_yo72un0uym,18.657944956404904
id_wa7g7cyrfb,21.85070170744044
id_c0600luvkg,22.9204099603917
id_55u72g0c0l,20.687259154271164
id_efc4gex2lq,19.84609629372725
id_cdwfcwcj48,20.88988206577235
id_yc1gty3xqz,24.736202728198904
id_867am351jy,19.337238605464357
id_sf4b9w2jdc,17.650915957480247
id_vsa8h55f8i,19.9891295070691
id_ovpfocbku2,25.345258218141055
id_xbgzqf0szs,20.585968074876014
id_15v5x12fo2,22.460177753337184
id_gxgs0b70cv,24.312798258227765
id_g13m7fp2dp,18.980636631405186
id_cav3ox8jtj,18.998263681278615
id_vhu174dncs,22.894263256271135
id_o6tcsfwljz,17.587774878151322
id_98jqgum8n2,18.344922862206026
id_m9og9r3r2y,26.29554764698573
id_abn9ddpwtj,16.20750917195434
id_4zxljdntpc,29.332324603929507
id_y6howqrmjh,20.184424355719738
id_5ke4foxu8k,31.624849229042916
id_hjqgkm27l3,29.480872653798905
id_f5i3m6wxqj,34.59002440939797
id_j8hsu09w89,39.07936705150395
id_czurwxut83,43.19302883008189
id_prz1am7w85,44.10572182283301
id_8bkmhgqh7f,40.01811216485778
id_yz3ljcsheb,33.87114375225892
id_ss72nbk35w,44.33674526358659
id_gix31lwz9r,44.30843128585751
id_n5jqluy02q,39.61695810139183
id_vsz8smmdv3,43.19336401342866
id_hg0e7skz0t,26.09120016108042
id_esawyovxf1,56.137323629750945
id_snv67pqv74,18.713265201155384
id_9htd0dd4o4,21.83694518277144
id_wvy11x9u8t,22.239344387750307
id_biytotjie2,19.80961463153021
id_xtb5hfw6bd,20.05553747187303
id_65l5hak91b,21.06084660498295
id_16p4qjzi91,24.991913341090523
id_fa6j0h18yu,18.77341142211118
id_0hpi956wos,17.74240928420172
id_6llaal44lz,20.265561773373932
id_bg7586se6s,26.588604355109688
id_dr24ka6xxv,21.263489793914978
id_zova02slaz,21.579124346050445
id_4aa970r08o,23.860272851208283
id_5v2k81ndi3,17.394564688038997
id_w0w2t7llmy,18.319680914289528
id_3v0pkvcpfh,22.469394871989145
id_5jyp9jh31b,17.913875612565494
id_s851gktvnq,19.742431153298867
id_0c31rjprf8,26.238821473892976
id_iclf8934dw,16.20750917195434
id_i0kzmw9707,30.443402382921704
id_mh8gne9yti,20.324264530996402
id_ztrwp444jx,31.392797510765053
id_7pzbvg9uxi,28.94831676589349
id_zyh4qgghaw,36.056527512266065
id_tirnjget2u,38.984966123066386
id_f89ptvm1ms,44.872873005744964
id_s5dy4d934y,44.10572182283301
id_0h4f1xrjyj,40.25506804340179
id_rbat046yjy,40.6463025619854
id_6o66xnm1yu,43.25413229558718
id_lv893wwhs3,45.335554352016906
id_t6381wgsi2,39.753474477252034
id_sgt84ewftt,43.12746238799896
id_hbt3rrighm,26.168615751993055
id_gmsjw4fd0u,56.137323629750945
id_ihxgrbq8bw,23.1373912790771
id_dg6s4fhiwe,20.45660349690131
id_f7hwwtmuzp,19.32923636873787
id_ioese5awdg,21.18535897643799
id_hdw320zpls,17.431664477128994
id_wnxl0jyxdm,21.193657818123988
id_irr46cfvrz,22.62164117875496
id_l3lg8y1tar,23.459322498610874
id_9bzncgu7ap,18.91017550047819
id_tq8gz80e59,18.529803515789343
id_gouch6j71l,18.007561980984367
id_gvg6pup3v5,18.99334397309429
id_xsyh8m7o0c,19.026698517052736
id_hsr9nym75x,20.40668821415766
id_kk2mprzws5,20.710801739186266
id_zztb716ruj,20.988921410115058
id_nc37c47azq,25.95357003108369
id_aq2zwrpazm,20.451600459098678
id_1if5noe1b4,18.966682043365857
id_9ch9qgghhp,22.152188688973723
id_i8ez1ppqtt,18.393912313970546
id_1gzede3sx1,21.997905588628697
id_c0cjjirgpf,22.74384977778572
id_y3cgdjsgq1,20.58229658157672
id_hqfk9eb7i3,21.370779288535715
id_heuv8vkjh4,21.272677300320847
id_fcoot945yi,24.414038471141694
id_h4j7gdpygc,19.09004853112622
id_0z5dftxu4p,20.17850331922076
id_0l3lpe7b09,21.75820209806017
id_q51pjcyt8q,25.78725815045761
id_5y5tak334a,21.647954558963757
id_ffpap9n3bi,22.352012956503003
id_wlrkf9c15k,23.584648494298044
id_i2rh9ih3f4,17.42032114588746
id_uqm3krxam7,18.61969227868191
id_3iwa156mvm,22.36287252752885
id_1lz3s1bdxs,18.860859849260144
id_jmqt01idjp,28.958838236542427
id_8gb7nw0rmx,26.145181635477538
id_4xwo0p10w6,24.22378216466509
id_m5bwlzsq1q,28.386503880964646
id_z4d44hh4z0,20.213331239297602
id_pmh6yxhfva,29.0085958085839
id_35d6qsok4a,30.86478973293232
id_77htjr9yc8,23.244674888802447
id_t8vdruehat,38.43146470529133
id_jckj5zjs3u,44.58295205121125
id_iaz7r7qv9z,43.872152432506375
id_uifln55ls5,41.880432124733076
id_d32frejzqm,41.54033522318422
id_exdub9ncvr,45.6032633431013
id_mxkrqowab2,45.327794051756975
id_y8ho5r6i9n,42.47373782290646
id_fiygo06opn,43.18128654500502
id_o3dfdr4sk8,26.23623045574024
id_akv54mqumg,55.92570987719615
id_ako3197fah,37.18879490992741
id_nprrbmfek0,29.00017698899861
id_bmxffkemr6,23.559384377778688
id_w7doelm7x4,21.65338714754741
id_8z87l1y49i,20.582858696672364
id_ebkjvn720n,17.243546959888995
id_tc14hgelz9,19.016269424700567
id_a574b55rgm,26.16689849918724
id_dz6m95a6g7,21.968880917172765
id_wei7m8hy0n,21.74553384173663
id_hj9g1ena8l,21.937296143685682
id_hxkqt31oj0,22.303672525264215
id_j9xr0ullvp,25.66540602757913
id_dhxexr0nl8,22.360052412975186
id_thyiz3erhs,20.748008385762766
id_vfer04eoj5,18.91626488179172
id_dtjlkdb6na,19.50404033936711
id_wjevf26x7g,26.366821020921936
id_js2e45rmts,19.45245520909611
id_h4sopez1xq,18.898069389239566
id_tli2tt2lre,22.031854237496663
id_nml7r1ihuo,18.442759829408967
id_ny3rzr8dw4,22.59354903576824
id_dgyrdg3c7c,17.60386452466033
id_5xl1ofkel7,21.886422460805555
id_s9z5qdtsok,19.085960361728336
id_wzznck6hr2,19.254286403301
id_2jrs4cf50t,19.23236459198518
id_zr9i8iyl05,18.016166034588988
id_ywr3489vgm,18.30679280607716
id_40yosi6uqe,18.984064079531688
id_hvj85b4s27,19.461673840828677
id_ve7iodkk5x,18.697262005682788
id_prcsjcgmvr,21.487007498961596
id_urporbfca8,19.215030956846075
id_hnh9veqj44,23.43679411340585
id_66ujv86e23,18.412013750080074
id_op00lvkxjn,20.329684715691343
id_0h1a9dhuum,21.818018883746426
id_ng6gkjkewg,20.489948457950852
id_u3q353kzgc,22.670024116752295
id_ykfovbo3gm,21.480716236273327
id_k2wnuw9gop,21.825731266273507
id_n742fvx1ah,20.970439681323008
id_ecz5hhz0iz,24.288828904501294
id_t3tupepv7y,23.385330915740447
id_touyxi6cd9,20.90149242298408
id_fv0z5li929,18.155962109815913
id_1rbmh121yv,20.767765406895485
id_jxivfqw95m,25.1633786544874
id_c99mmbda9h,21.15407803042926
id_amvzqnr8uh,21.951078809318552
id_vd8i2z3hob,22.97445897158036
id_sq6qs6ygpd,18.811958502669782
id_grfpl7lzzm,19.202833983305887
id_rqzxw5tozc,22.528101223419565
id_74zv2ut2b5,19.173022404929995
id_je1zddxbcz,29.945095826577578
id_p1lsa0r1uy,25.498596099376595
id_466f3sjyaa,24.869568008393372
id_6bji5k248v,29.90306491366693
id_xmf644v3gg,20.307644922888883
id_7ww556yt1z,28.29109078334899
id_1kv2mm53gl,31.172618589172085
id_gogfzwk8d6,29.528392719692278
id_4ijyknjpyw,36.12529231781534
id_51yb1ejvyp,43.706335651403556
id_e8kgwianqu,40.61834758385456
id_01xma9jtcq,38.79762924070992
id_b4c2qvjsq9,39.61726339150313
id_kkxio9kyth,46.00362045906233
id_eo46mly8qt,44.18983915312741
id_x6q1xzuux5,42.29641831609112
id_o9paw0x3kv,43.401504907672226
id_rmptreswq4,25.933309706695155
id_t3b2vd5gaq,29.847354578645486
id_ss8ixmpjdu,12.772340586990131
id_8v78f3tzgd,14.931375880350778
id_1mnkwpnpkp,15.69703777084196
id_jxl5nffktz,16.097796668914516
id_k4hums63fu,16.536133500573403
id_cb40n09vwf,20.595123265050344
id_ojvdj9l7ir,16.514380414189766
id_8xzd5q9b2n,23.876688114372584
id_a2oil7cfw8,22.94541353999054
id_3eb707sqy9,22.903597666250842
id_fqpoallv5t,18.958717757822146
id_a0lghu0yk4,22.082168127930903
id_2s5h4jyu48,20.184341407568446
id_tfr1w48698,22.396483469704304
id_jw7cwte35h,24.293512327545155
id_4myw2ppn88,22.83677657124398
id_nu2j6ezn8a,21.15388309975816
id_1pi7rar7w0,26.02377305079111
id_lp1eem68uu,19.521920910430786
id_i59r7imuxn,17.964230788204407
id_jfhvjfzvfa,19.725612760367547
id_co08yelk6i,19.233169817718526
id_ozh35h3nct,17.46175716217621
id_cf9woqagxi,17.473729187022677
id_4pbhg788eu,18.643282962513872
id_xqnx58hv20,19.362310891652772
id_g7e6fyre5k,17.706701462557504
id_i5kwutfr3y,19.360089720525
id_xl68jb742r,21.42426565657786
id_dcvf785h1y,19.58580212629802
id_n38vpdzrl5,17.310767583983118
id_8520840u02,17.671643399185825
id_27mp59yu1m,18.169584268422184
id_053nn3pbfz,21.824449301165913
id_1hkqlxmn2v,22.47057910233879
id_h8b77jfadh,20.441766786548193
id_ohfvgfke8w,18.83014279977588
id_i89aiadf4j,22.03006491107473
id_dczobb4ttq,17.866869759251
id_xu9ib17loe,23.9800456852352
id_i9njn3noh7,19.72635512534086
id_90v0etup0d,21.06227952205554
id_9p6b0j3eu6,19.426205080302143
id_xbtp6hvq7f,21.111911391077488
id_4p48d96fhm,17.88460399837914
id_34ll84rx9f,20.160636766457053
id_xvk1eas2cj,20.197092002733285
id_u3byzh8on6,17.03188853718081
id_9mmhnd07no,16.605280888243087
id_tf59fmc5uk,16.668556983736725
id_eu8lfqr566,17.571841582266433
id_quspwoer1c,19.258453815134395
id_1udgdtpt4j,18.28868208295177
id_mp1wgahaac,17.053878687698308
id_ah05rwmnc0,16.557759057300014
id_99pzz5yuak,15.899838659562075
id_sts4gl2h3h,15.360585455205618
id_wkw4zd0vo6,17.571752667701297
id_42mzemmqf8,15.016558494439955
id_pfup6tmwcc,18.091035794406032
id_g57cpderdh,44.955170632397696
id_4e0oh24nij,13.308852317571095
id_wcvcujkjfa,15.035021446776096
id_959hw03dsc,16.990254317315596
id_mfcbkrkwil,18.760294258404087
id_it7jxzllrd,19.902573173077748
id_8stz7b6m3b,16.92252218183487
id_6w3q8g9iws,14.717673876717422
id_w0ee2fe65l,14.861960205182195
id_fhgz7wzae3,16.269795319932243
id_w2rchmas4e,18.441745649876346
id_jmo9wtwu8m,22.25727967318521
id_uerluxmuy9,23.332756069832268
id_22yl0qw8q4,16.123142089447054
id_a9oc6x2g72,23.998380733264025
id_qbhgqc4yet,22.741948114710574
id_rn6vcvicw5,22.425419483926234
id_ytcdi9ix3q,17.85595434535102
id_qzfdep9u3c,19.77096498189732
id_33pv489fe5,21.150745593499295
id_u1gjjizqyk,19.68195259626636
id_w4rf4iv383,20.941763503211746
id_3zb1zekfcs,22.788344584168346
id_ertzpococf,24.140901470908897
id_y6ouxkmf0e,22.15473956376544
id_q4dvl9exoc,23.605630414142656
id_imi2dyvmxc,22.943766247527613
id_8flbm45nba,25.966263607048845
id_0d93zxtus4,19.165208108218742
id_xfxo3cb3tu,19.13276333796275
id_h8j2nrpseq,19.120544470045015
id_4gw4m9unp9,19.31528723705954
id_8lqfepep8r,19.062188419558908
id_lbql83v1pa,19.36390046719371
id_18r3kupks1,16.109189576210536
id_bz3fcm9azs,18.13444795503361
id_vxwc5l36hb,18.918356103953087
id_1m3ayw8orl,20.076210554832308
id_n7s22ti3u0,19.103533216760763
id_7ml18gt65i,18.806492868873203
id_pu8pv7gwz2,23.46855497838427
id_ru43es0zjg,21.556206431805983
id_n2y5dyb90j,21.52003188527245
id_v6dywtd3ti,19.49321099107867
id_gpm9b55dkf,18.021687505089034
id_envkemqd97,17.036750000655104
id_rm0pa4kk4k,16.707608620634375
id_s1qxkd8ot0,20.4154739707871
id_bwv1d5pcax,17.546820319834918
id_cvbktrmvyp,19.033051005384614
id_k4zxmef1ve,17.814791587200407
id_61jelkjb5z,21.844189499216384
id_0zwlyfwhg4,22.29999209411499
id_pipj3ap8ak,20.343281670056108
id_84xzjh13pi,18.895503176781304
id_zxct0q3dqx,21.9980779784428
id_5vji53n55u,21.339332259421994
id_7mup88cw2n,23.212295980396593
id_fomq0iryjd,19.737313160342097
id_5mq14kf61k,20.453969915729356
id_6tfrbtojwh,23.643703608769794
id_p1syd1j82p,21.01394913920231
id_2efu8wsf0t,24.10374572372346
id_nf6oaj6hmc,24.351487736673015
id_6szo04nr0p,19.94346422613866
id_k3zqwshvxx,19.303579761195877
id_xb9tzd4tni,19.683491118083047
id_1g1133mxj0,18.398943283112033
id_l51e1wtruw,18.41043970017323
id_qgc87e79ko,20.699557213927
id_2efd5sv0eu,16.19986054163663
id_93di8172pi,16.97640737453019
id_b8vvdmeitn,17.329319198987385
id_ci6fg1tigr,16.580535454326647
id_c1zgt77fyu,17.464898576856204
id_78t3asrjbf,17.145622060776844
id_6oanpv3bs7,15.603815582363973
id_zdhxor1yx9,16.99129741265846
id_hjug95reos,16.80938981208117
id_q5y6b2vxi5,17.7064149671534
id_lmmep6vt6f,18.87736929367675
id_ur485xrowj,16.742027560082757
id_yh8jpakk4u,18.583702766585787
id_xfom70rd8q,19.273084007642993
id_cx4og6dawq,17.94431405112121
id_bxqjc4lu8q,18.12434017136466
id_dfkdged93h,17.481320039360256
id_wpc07nnnn9,17.629400161406565
id_3w6yxmo14o,15.26017752924982
id_9xhx7zdwqp,19.320137519476976
id_fkcu4ryvmb,16.51054466891218
id_iydvhqnjpg,16.30316583198124
id_xfd5bd6mbb,15.055635201200502
id_pnfc3lxqxw,15.015501419917442
id_2fi5bq6vwj,16.002950867876777
id_6viyil1331,16.04068761418722
id_5gwjmv15on,17.425301634006694
id_76bk0rtwtl,18.180891259957825
id_f60ku7tfev,21.181315174431294
id_h191utquex,18.899223193192405
id_wi04z29d3r,15.835123864491193
id_fbntyg7wwr,23.554421601769015
id_v3zrqsqzxo,17.1145212020236
id_bw1b95righ,22.2113634989605
id_zp9ylpq5fk,16.252531976997872
id_t0g20s1n6l,17.285856035288695
id_dktjg2pt79,23.949352955987084
id_mik9bcfz5g,16.64213733065781
id_t7ahyyqmpl,16.481930884152
id_mu6p2nd1yv,23.729077902872987
id_lff5hw3ol2,25.196330614831098
id_eccaetzkfx,17.176024201732
id_z5lh6tnhu3,18.308177156290864
id_vg90abt8lg,13.75075197483501
id_b4kmym2z2e,15.507567634692272
id_a4bm9lp96l,16.353536505948327
id_ph0f1whio6,17.556489600188215
id_bn4murbtsb,17.150978103846683
id_mbkfsw8xc9,25.28647312955564
id_e2ybasubxp,17.346366785793197
id_6i3ti67p9g,18.155001274851763
id_bec40ri158,17.58315363885058
id_zacj6i063v,15.09026359708302
id_lol7o2igta,15.800225486667713
id_m2m6u5m8oo,20.079551988320887
id_g8kpxolorf,17.087748725465524
id_w57cuionsw,19.095211762989816
id_64x7iknxnp,20.64318139920543
id_umk48ombht,21.76864430571691
id_w8cmk8r8vv,15.414981528690058
id_vj0wx6wbs5,20.100220366055954
id_w7sma8wi3u,33.58795447367564
id_oqmb5rhi5m,34.10651084371362
id_i4y106oe8m,22.592971566230794
id_biglgqqok3,23.509375353110563
id_6026c6cyn7,43.22425458631885
id_ixvjw5pg83,42.348089155447155
id_w6kanjj090,41.97829805953586
id_qy2xteqn7k,31.147036188681565
id_6oi09e06us,32.37345397790109
id_37za3uvuvh,28.000706335991268
id_e1rym2u84c,35.425731860936494
id_85pjz4b5rl,24.64919435213386
id_oew67rrlis,16.412601744045567
id_byzy2benp0,13.311410403877495
id_16qarvdtx3,13.705034960425643
id_uxi3qu4l8e,16.352995540251865
id_vy83bxfo5s,19.05936674430825
id_z7ibc788zq,19.42110130165822
id_kbkbgy18jq,16.94406026496539
id_4zn86s4tbi,15.107790472342762
id_evx591r7y6,14.849353978739982
id_g6ojnnx069,16.269795319932243
id_7zixl3q2bq,19.222375515820772
id_0d9a1agg6b,22.46523100611398
id_3xt09a0de5,23.70105554011313
id_jbhh44km3c,16.15498126510908
id_5k2iegwee6,23.614075191096003
id_gibzm0hke2,23.010875017081936
id_zl5phiqojd,22.652705213565028
id_c15wxxvb75,17.93250708819452
id_dau6fb0sfx,19.11920123617459
id_z9dk6h8cfb,21.309669643192684
id_uvaqu4nzmb,22.960094983964783
id_qpglm1d719,20.83986674761064
id_ct64dm03s8,22.157154448129724
id_is4l5fwjuv,23.749824247758433
id_vh0bwrobbe,22.75836068371538
id_b0mjh0b71o,25.020228785024667
id_0bpne8ucld,22.966427508051645
id_kvvjrrryc4,25.67945060420601
id_n5ybzqzepc,19.92186310326729
id_jaimxbu1pd,18.941214479400355
id_0l0w0orygd,19.120544470045015
id_lv55afmf77,19.31528723705954
id_9mfp6fw6w6,19.43675464571838
id_tafpzgg3t4,18.067997047817897
id_tiipv7kgu2,16.1910194913274
id_kwiv66i7i5,18.13444795503361
id_nl69sct7fu,18.918356103953087
id_l74jt76ryc,20.076210554832308
id_bxgj47nybk,19.12651291341902
id_923xwmt66s,18.561885053385915
id_aq97mswwiv,24.046374445830367
id_4vrb5vlcz7,22.987280204495672
id_xayf6v05hn,21.52003188527245
id_8pk1rf7oxo,19.49321099107867
id_sq8128da6u,17.99603565814838
id_8ihfuq3i8d,17.036750000655104
id_87jd29uf6p,16.707608620634375
id_4xpx2dt8ki,20.4154739707871
id_hqpr9h9axr,17.546820319834918
id_1k55ze4pps,19.015302007155896
id_2znei70wfr,17.972646849108358
id_9hhcbap87f,22.45639163659871
id_hey12d7qim,22.367148374187376
id_lh2vl46a2o,21.915154291514916
id_yr2wo25x72,18.870829508857298
id_t52himkovl,21.16133358081224
id_7tvjar0eff,21.954930913429436
id_i208pdedfj,17.159211700480768
id_d77mj6yxxd,18.28688391262604
id_jh49madd8v,13.75075197483501
id_cz441c0g6w,15.830621442258057
id_l9egn04p70,16.353536505948327
id_aof0geeadz,34.29730225790659
id_l14us4afx1,28.430760381749963
id_cyjw5nlwm3,35.425731860936494
id_gzuqpix1lm,29.67116838515446
id_18o8y735s3,16.852965392813996
id_wcox1ibc1u,13.322331270648455
id_8mteyw4ej2,13.507698176519737
id_yhr9822dsa,16.17537301837238
id_kx6r0n5p65,19.03922661464418
id_yll8ps5xps,19.42110130165822
id_2ss6w9mkjs,17.079078997245936
id_dywpbbt1rz,15.107790472342762
id_2sovq337ib,14.84842361382955
id_hl6vkdm5f3,16.261847686050828
id_7rweve2gtx,19.222375515820772
id_qenwsj9ypf,22.44663633203506
id_7tr958twwi,23.681473679608523
id_4pss24du4u,17.603013207513385
id_pvxshz55hm,23.723428115253483
id_hwn7gj0gnq,23.010875017081936
id_34w3aboagp,22.876398317321055
id_slzxbjxpdd,18.44137744457474
id_s9fvyed2xl,19.11920123617459
id_ojo4ns7rvu,21.31101606447729
id_oukj9m9l5u,25.298858926129675
id_4dncovxwgl,21.33696532076269
id_lhn0wnsi4q,22.157154448129724
id_8qzxmyj6yo,23.564326118260645
id_2st0ywh4w4,22.246728027259103
id_32luqy63su,24.972670086651096
id_z09r8zdwpl,16.42748513911702
id_avet97ghyy,13.322331270648455
id_8xxxnyrpzm,13.723889224866117
id_5mzgmww3um,16.43784871507958
id_8vxge8fi9v,19.063126616885818
id_jnw9eiv9ni,19.42110130165822
id_gaui5cuwn7,17.079078997245936
id_bk4agfxg5e,15.107790472342762
id_5si10x4q6c,14.915038215794041
id_e9emj2d53x,16.02374906745186
id_9llllv5i9s,19.222375515820772
id_mndm12zy06,22.44663633203506
id_2pxml96i79,23.681473679608523
id_oi59maxbit,17.261109917570522
id_tf7klyuj5c,23.57743056758651
id_jf1h95hidf,21.35241177008784
id_4njytufcfi,22.983797565045222
id_2zbs60m1hv,18.44137744457474
id_kbe0e397n3,18.913596934186504
id_attl7s5eit,21.50581534940711
id_jyqg51mks7,20.84928295286778
id_yvtlt4qsb5,21.570423713659306
id_ququ54p5qn,22.768299076163146
id_b3olj60ip0,23.547024612933317
id_ucm77r7n42,23.828563095669203
id_i94hu4l2he,24.80080296938107
id_sem18a4eih,22.956040416046005
id_iu4c2k0vqm,25.567469413121728
id_jez7q9vvpv,19.758498796507297
id_0g0h5fvenr,18.9935726041263
id_leyce5nz7b,19.30327361146354
id_ctiuipzphp,19.31528723705954
id_1uq7qu2no8,19.43675464571838
id_ag7p6aauq3,18.10316789223358
id_4v2gdi94ys,16.172477627471917
id_oiz391vhbb,18.306068007843983
id_dkh1dm7jv5,19.07711571466068
id_xp48k28xsx,20.076210554832308
id_8hzzltjopy,19.20726457979575
id_jxwkemji67,18.571186477840325
id_9e6zoef7pb,24.135506646363275
id_kw3reqh73r,22.600523634147006
id_i3soe2f356,21.510003225296508
id_s3sjs08z01,19.453556461769217
id_wgstp1qsjl,18.048326954946887
id_c79996j5ij,17.036750000655104
id_xyptp35mvl,16.672064485630663
id_psuhom729k,19.942878816407987
id_pow9jv5ucp,17.034549483602767
id_6wvbbh34gm,19.255970160678814
id_dt7c3hug70,17.823830468607888
id_j5p89q7hag,22.56226933724836
id_kc953hqc6u,22.47030672575163
id_lc6edh3b2s,21.915154291514916
id_9spkaqz73s,17.30112122387351
id_3htqh6ssl4,20.441069055967873
id_zc1ovm5htd,21.301961504866963
id_w7wwg1utwa,23.006359283708598
id_25epdpbix4,19.87523358663752
id_vs0hncomou,20.197246535789766
id_reegezw0zr,23.6450518306116
id_f6x16pl89y,20.4534166582387
id_9a8jkl3m2r,25.343777821894335
id_hoz5wrgxox,23.46739268112003
id_5ziz8chtiw,20.144390310040713
id_l1g99w61j0,18.851822759290396
id_40onwzmie5,21.374831112879722
id_wplsrqbqg1,17.543338825347966
id_8zk238knxs,18.81633260780186
id_0u52beiaqr,19.60116500601289
id_g8dmi5cj2u,16.19986054163663
id_qvb2pi3nbx,16.448671196735454
id_9ocs33mybq,17.78481319074222
id_le65pdwgzs,16.617723956243854
id_kj6oinfm9j,18.124617953909034
id_tiqxiw34y0,17.14764214681308
id_j5q5ukj913,18.3717602450029
id_wfsqr784ue,16.597874050711944
id_19yb602oya,17.62162003503837
id_p5abbz6sni,17.086285248651556
id_sj35fk9ewl,18.73450220495206
id_asczdnpq0c,16.854885803885157
id_bcoprnh1dh,18.46193798747549
id_4hnps4a19v,18.798087913578236
id_slby4mvn69,18.00971657486346
id_fdcwmf2mqw,17.869482896718758
id_pc2ol1dymd,17.481320039360256
id_72hn9xr2mt,17.48968804836109
id_ooylyenf74,15.621631537540377
id_7c0tvcd4mf,16.96853780919963
id_vo7qco3vo4,16.514828049120293
id_tyda8qzu9y,14.973787760638302
id_qjo74p50vb,14.979318113044716
id_qftdjlnuxo,15.664289781171831
id_8zkhvf7knd,16.564268293649626
id_zjdfiws1ze,16.04068761418722
id_km0396cm8u,16.86629109292743
id_0zb66667qv,17.506163051181836
id_xkul5db55f,18.57888880613222
id_0882wi4vll,18.79653846319814
id_vyjoukh7a3,16.96943926772781
id_mgzj7k2c88,23.83028214467433
id_mj68hapwjy,16.350480985094535
id_4k7w1huz70,20.855397019773747
id_cc5r73bssv,15.892285929954397
id_lpc3qqqc79,16.315500501277945
id_dgd25e5l5n,17.713328878962855
id_2u5h8ssj8f,16.95202765401898
id_qekvi0qhbi,14.891569825782303
id_7t5rwbvncv,23.0437108412413
id_wip1lfenhd,21.954930913429436
id_fz1zlhsz58,17.159211700480768
id_fzhszn9qgh,18.54431679979855
id_drhboq2o8f,14.575599459006012
id_67f2qgxjr4,15.830621442258057
id_c9jyqp5ts3,17.038839259543167
id_o5nsm6bufm,17.586624754149216
id_fliahadafe,16.820065981342694
id_ljzcxva3j0,18.24280431031057
id_4fg7od0p2h,16.969369290079154
id_r0bgionrrx,18.368872923865325
id_5mrclq7yja,17.552283901532125
id_v6ji6xpykj,15.430894727977924
id_gzxccfruiy,15.786880389558489
id_rch18sl7fq,22.193020064068772
id_dycgsa1kum,16.944226458657106
id_dh2z6cu6bu,17.29892056995223
id_b3ij5seund,20.01296262906533
id_tziu881h86,21.634206012778762
id_321qju313s,15.394036110958371
id_dngcm1ubxs,18.615881548668014
id_vu0rtf6isv,26.37742548492995
id_tzfx3hbsak,27.80976060768648
id_rhg9ghnbc2,22.28203539213708
id_9hkqfrhrxo,24.264803195644703
id_1s9fc94wwm,43.399453490204024
id_6l0a121qin,41.50190827299027
id_iblicy6lwk,41.97829805953586
id_galqj45a9w,41.98910912180543
id_1dg8zj0o7z,32.16209557756052
id_9x63i9uu20,29.67611280096996
id_n4mgwkvcyo,37.384456719159076
id_h9o1enzmn6,29.67116838515446
id_444jxq8ki8,13.128777944654868
id_fokwurehqu,15.816364037877953
id_20s8fncc9t,18.578145229545093
id_ifa0c3dcm4,19.42110130165822
id_bl23vucby8,17.057192406721107
id_o1949nqyfa,16.506694654854655
id_y3f4c5fs4z,15.982059998916593
id_kdox62iiap,19.79170538400116
id_r8f5l77m7z,17.981047557865587
id_6xieqd6sjk,22.58934289814008
id_g3poszpaqe,21.15569591190039
id_tv3dx937tm,22.927844600253252
id_kufhei9qi0,18.479160273767377
id_6xvj9dnlf9,19.271860425390468
id_977w9neez7,21.473413711065536
id_74zzcs47si,23.70500859678659
id_dkzrsecwur,21.106075019356652
id_fzaay03gtj,21.70460449060251
id_2qlkll1nti,23.822155772426086
id_dkxo29nkhe,22.246728027259103
id_8z4hu1lzg6,22.154867319775555
id_bketz8ikkp,22.793374059185986
id_qbn6ng2ro0,25.979374169189853
id_pa1p75uuos,20.76884997145934
id_hgfifx9q4q,19.09299731337952
id_kqxhxu0vxw,19.173574258483946
id_eso5h6en02,20.059290987805987
id_tcnlwhm6by,19.40697290714529
id_2jgdesoznn,20.154376728182203
id_q1prt1nt1v,21.00587983494759
id_bpey1bdu4z,20.118877294581885
id_0f17xoy417,20.232237704502992
id_benw0ms5bl,18.869863336562343
id_ovvvd62h5n,18.805309871609868
id_8w0x0v8vc8,23.905507822511034
id_sr7nmu5cq5,23.26275348374739
id_uz69dxquyc,21.20455188740233
id_058qup1czp,19.4855333453428
id_9xdm5pzodn,18.048326954946887
id_9xiabniu8d,17.160431149175803
id_e8ov3f0ec6,19.632919260072992
id_ztov1dasd7,16.71226239439972
id_u0dv0t4gc6,18.853881158017103
id_vaexseqp4z,18.74282919056181
id_5e4jtn2k5u,22.300075173972388
id_g1f5h70z60,20.085184783950545
id_ei0npa3d51,17.292114971426628
id_w73v97w9dd,20.257382612202562
id_d01h6zb0k7,21.0239185772517
id_hajvhq9a9k,22.39833817162265
id_wfej53asol,20.451159506993665
id_wkxp2kkhas,20.20070931830898
id_4nx3hdlk3f,23.604230464437514
id_tvruaym3ou,22.021074032077586
id_mdja9rpbvi,23.62944058334007
id_v3lg566peh,23.015868802707608
id_5a7one1voe,19.830730520326945
id_uzwhiiojkc,17.168399006182085
id_13zxbv2bo6,20.605358278820145
id_ex6nijku46,18.358496991779006
id_7dpkk65nit,17.036677529728966
id_g3bd1hun07,20.66750876400622
id_suwhca6van,16.083631081630248
id_nxc1tmyyss,16.528923712029858
id_eikgi2kr2q,17.74741350538688
id_n4o71g7yok,16.617723956243854
id_mpq671lkla,19.29954215525421
id_k8se7sutpt,17.17664057956475
id_i92idl2arl,17.365908413863902
id_5ingz959i0,16.62114252918423
id_bgw3i6wwpf,17.059478047382704
id_80ixty8tal,18.005559858129114
id_0a4e9fjk97,18.673347609323045
id_lbmmt6ea89,16.742027560082757
id_c3flrt1zuh,17.694196673161386
id_cvs2kktyxu,19.132533448421842
id_7mtozwwc20,18.00971657486346
id_dq086pe2mx,17.130271354392917
id_3oa251xapn,17.414354396058783
id_felfdwexf7,18.938686632647862
id_hxzxzh2uah,16.10228249124647
id_7e9nhjb559,17.589249243280385
id_yjzowwtt3y,16.665281420984666
id_kc77exs6rd,14.973787760638302
id_du9zmbgca2,15.04866245345084
id_j4jhp6ymgs,15.626423223765864
id_m5the81w7o,17.576510859376775
id_1s8k0qheno,16.742966903591388
id_b6q1wkhds2,16.53878327087847
id_cz225gdeoi,17.72135154837697
id_8lkvzskxdi,18.616697150689664
id_t301lndtpe,19.039803723068992
id_uzuzt5hcyv,16.96943926772781
id_6n47hvxwoz,23.736529642108202
id_294fhgybq2,16.350480985094535
id_pvdki2lfbt,20.308795037037573
id_5yosfti35o,15.892285929954397
id_tsf2ykay6m,18.427264417660133
id_pddkles1x0,17.134931178981304
id_ypzvugg3as,15.277860569575132
id_ol8i7nv30f,23.211550813863454
id_md132uwbf7,22.087691910270323
id_b2y24168l7,17.51570069932989
id_4yvwmu8cxe,18.480213438669
id_tmy3b6ts38,13.91472419910143
id_cbq3vn3m3o,17.74672616127582
id_a8umfjb1ge,15.68329763144246
id_8oqx4hgwe7,17.441996070264587
id_y5f8v3s580,17.2229324253883
id_6kf89wa993,17.791119128482364
id_h7yzht6wq0,17.03997897993562
id_95brnbo0jo,17.585564535213713
id_4hb5judkxv,17.554747899640034
id_xun5oyhgjo,15.571298771113282
id_kckpnat31g,15.786880389558489
id_otccfrhvvi,19.682458145958233
id_jn6u5c5cjp,17.172368144319933
id_v933ue7kf5,15.663957691725203
id_mc2i376rld,18.767615365802534
id_9r05mz0idm,22.34313548530149
id_3wfdiqgoxw,15.447461440847157
id_c1n58uu252,21.146464345427923
id_7p5lepxj6a,26.622249649424393
id_lrkr587gkp,28.27079888948603
id_kvnb8ekvum,21.944860176301844
id_mqv32adp5x,24.728328812114572
id_20korskh6j,43.2858272575969
id_78f1la773c,41.30694325776429
id_9jtdzf7kcs,42.26848008479607
id_52juzapqcw,42.383342822191906
id_li4wcjkc21,33.14233137916369
id_bwle5dl0sg,32.33108800979487
id_7jqcpniwxn,37.603433446699185
id_5jbtohx3rn,29.67116838515446
id_rfko1do0hk,15.833531213822479
id_zbl8jgb2uw,13.240059167729791
id_1syuqnv0zf,13.744703273038244
id_505znfwne9,15.236771259098418
id_64xsijlwga,18.620549819471673
id_np7zxu024l,19.0476796324704
id_72gfwpdc4j,14.884678702338332
id_0cmp4g2ubt,14.888172189254643
id_e6wx5c307f,14.975464272251786
id_05luzgibct,16.326091124499957
id_13vd6nfqlg,18.513448165612438
id_dk3pcbei6n,21.064973355867544
id_b98ce0qkq8,23.56707097123389
id_dul45idm6l,18.44217299573028
id_t0xjo4dade,24.215088877570054
id_nk6tuv7y71,20.154167639439216
id_eg12ovcwpw,21.90412523982944
id_hlwwfh3qu7,17.470476776615023
id_kkhhupasf0,19.044089697680963
id_gnh3lx8tp0,21.212727201705164
id_k9sufsvlha,18.87112361761409
id_ars5keh0vw,20.512081600152264
id_r3gn7hnst8,22.771663195751273
id_asxb2wtleg,23.031351811772197
id_zbfwtwc0o0,21.783049063615447
id_y25nozzr46,22.716109161496533
id_hvslvvau3s,22.787136870631773
id_ow5f3qjobm,25.68200952388125
id_afzc6ul1wy,19.165208108218742
id_xk9bv6spi8,19.485536947360576
id_cd4wv6i21d,20.99613835966811
id_lhe7t7ml8n,19.683220751625832
id_atxrpetdw3,19.092356306106815
id_0aj1mxix9q,18.790031151336304
id_no5yjlcm3g,17.457538328773776
id_bjvx3ng7q9,18.714050157084834
id_uvoli7jkk3,21.131684671863432
id_8le9qqlixz,18.706007708320996
id_a3jcz7fc27,19.09176267699898
id_793ke4x5e5,17.983282682533144
id_loljxr0mo6,21.99625236484136
id_0v8evpy2qs,21.464847741798007
id_0bmqcvks9i,20.94281545883772
id_ug9e8wl8h0,19.503959644363192
id_aonmnfwfqw,17.294139594508785
id_9h7w4b7oww,17.293868383414356
id_6gxul944md,16.47054785982744
id_8y3pcwqv5b,19.94815301247668
id_6gvnwx27b9,18.70014162144489
id_w0zxvghizq,17.40702004908993
id_wmscdo85fe,17.8675662474902
id_xrbsdkk2c4,22.444334954929047
id_pcqx5u6le6,22.262322972443325
id_6smk5au66q,20.343281670056108
id_xmzhq3a015,17.311888453928685
id_ueml1oc6xg,20.65969430295297
id_tycn46bdt5,20.754234046922882
id_uhm4o38ksa,22.78846979418998
id_zz4zc4dfvr,19.731950880933752
id_3dps54vf0f,20.635558700756764
id_hp0ejuyv3t,21.636617839569844
id_qod41j7e0e,19.14957572857196
id_4s4s9ljllh,23.54312442706214
id_8vmswwvy31,23.548359348350246
id_hgbeyzbqa9,19.645015311282613
id_9eazgq4i93,17.238269846101772
id_15tfvndhja,18.153880093386427
id_akw3lvhlr6,17.53265307599283
id_pdrnzevlv5,17.70367083878981
id_k786vuzcmw,21.009268419157173
id_ii36qck65t,17.512095416807682
id_luo9wejxo5,16.93596893311287
id_dv7y922sze,17.121618296414436
id_zcs5e5jjv3,17.110700807264756
id_nl1ahmmrsk,20.97593122818468
id_n2j1w4zr7n,16.970160296197555
id_edhr3ruhca,17.81434611875687
id_gqpsd6uict,16.546879353869297
id_qowgzlfn74,17.254590348360416
id_qs2l2xtdjm,16.441283219383674
id_4lrdvrygkh,18.87736929367675
id_auybt6kold,17.198739078140264
id_ufe7g778jt,18.005100413813242
id_7324fwd9hf,19.589710331529105
id_sn73v8vz1i,17.418138718629482
id_ojcp5cpvj0,17.749787689021566
id_op1s93i84z,15.807367890863695
id_io2lx9odns,17.264729143446427
id_06zbl7jtc1,16.22639449722834
id_1ttiqk66yv,15.810582819060299
id_4pt0caxqat,15.958196035058295
id_ws58vo2yzn,16.07110429635375
id_tce3ozp394,16.01907397643577
id_q7t9b05o1s,15.831338760329102
id_awrm3qdtbv,16.990689121703127
id_la85j0outl,17.912508651172498
id_i6yqhfapf6,18.243229580963085
id_snwy8kzkae,17.674330910840595
id_6v79axy48w,14.394436440089109
id_4t3anhqio5,22.92928566901101
id_q74mccdm81,15.733844453124284
id_ikn6e0mpzz,22.040134869007673
id_v8txb18kd0,16.806956612950554
id_audlh8gjcf,17.29885424272387
id_zfs5kudqv5,26.020504762930244
id_rz81mldmne,16.569326619673447
id_h4oa84i9r6,16.783937565494014
id_htkc980daf,23.377573090412135
id_66wzrdbk8j,25.723384844851548
id_p8oxssnqa5,16.844333068753258
id_thd2r3g438,20.249631884139525
id_8ac2fo3bzi,14.633123439960617
id_9ukm2znbos,19.85449310609231
id_vq9e0a0452,17.12381006895083
id_8ao6r0by2m,15.794155265961859
id_hgrtbz1nsy,20.641243539441568
id_7dyx4tphmb,25.32931194297933
id_int2pnz27d,16.989160997251172
id_1gi9fmazsp,18.269064179736233
id_5dhzpnfsc8,17.143720624228234
id_olg30s5x5y,14.91652942672178
id_t5523jtnh4,15.517999304234511
id_vqcahchrt6,21.11216242067505
id_fk1sa9hbwa,16.777305998615205
id_ok160agwht,16.06358670277578
id_xu17k53yq5,19.85502805714549
id_xmzcqauw3k,21.379630545668405
id_aour5rgxfv,15.63328291495471
id_nujzd9pafg,34.989923082464685
id_icrv4paofp,37.36453091541971
id_9yatzebc2c,42.49428185064663
id_gtjn6hxle0,39.91253334625296
id_m6f7hnj4t0,24.551902220037903
id_1v1fi85h14,41.54806222427668
id_7sp5685ieu,43.37855956575419
id_liqr0uwqrd,35.546083210333606
id_03lwil97qb,41.964751176206974
id_qsf30wtdhv,17.872504108143197
id_1uv0ibuczo,18.95315355002375
id_80csjj6d48,19.344494617194616
id_n1g3zkow2a,20.136876698047825
id_qjt5kb3u6x,20.79598592255939
id_6e8d5kqq5q,21.597707078673736
id_wvhdr0r7th,18.65185011202069
id_x5r3svy996,16.14693582007257
id_o9ggz31qgu,16.442620228609854
id_gv60syhrk2,15.867673482563802
id_g3j3o1t4sz,15.226064088916733
id_laabpazmxh,13.964439579532183
id_eho4ay6smw,17.21523884828177
id_w8nvwfcpmm,16.639565348456614
id_btnsop89b3,18.574989832219728
id_0w6dn0yvk6,17.147310810993588
id_gpznwpt7ys,15.003397605820684
id_z23dyz3slb,17.56640076047786
id_2ojx7eu8qw,13.969584089141993
id_98t8cdz765,21.483186892874215
id_8f9m9dleze,15.240293940877716
id_oeaawvliom,18.890525399939687
id_ov5yh9unz0,14.888543663279263
id_syrmc724fl,14.758131633151823
id_wsfou7xddv,13.927455106962405
id_gdrcof729w,14.45380049773082
id_yyeq995o40,15.757408613420612
id_mhj0m6vsoz,20.88295114352927
id_d51371db4v,22.18280912751569
id_nrt1xvsex3,12.320372052525084
id_e0e2p1877w,17.32443254029745
id_ezhbu5sh62,21.21155179814271
id_c4pskc8s76,20.532458441415134
id_r0ufs02ezc,14.677900204023281
id_hk47qerjv3,21.806574298837653
id_8qq33hqkxq,11.979449426262677
id_w1qz8bdksu,12.144719254292575
id_n74jn7d5ct,13.33399215443114
id_b2yadnldic,15.823049046577992
id_484yc688bf,13.386664623258893
id_5w25kqbc16,14.75408481346986
id_9n8atixf1w,16.51397839361888
id_5f8seqeob8,15.258460789058693
id_h0d3gkad49,22.479690268529296
id_g7kvipny30,12.28944181549775
id_hmwh1yqafb,13.154163949873285
id_xjzlyzcmgj,14.46899135638807
id_inhwqwpuun,15.028433474960522
id_wsm8a53caa,25.775579943516412
id_r9mlk12372,13.455039627828823
id_oisa8d97gd,30.84884237033826
id_6ab55sm71v,25.20582574900369
id_too46nmh07,15.012591385133087
id_r5m6g5ftw3,20.855914322994625
id_g6vqehwv9h,30.587812041948695
id_na1dwva2t9,17.034735561894188
id_nr83m898q4,24.16665912696846
id_588qh1lkgp,40.53167018764945
id_1k70mcdia8,31.552485531817474
id_4kvsbq5i01,22.777983424248866
id_u90ok9v1g2,42.84783891789416
id_f7jhr0tzyj,42.342263360401944
id_496ds7trwi,25.187762945984836
id_rjedrxh5ol,22.22946195184916
id_iznxqqg86k,27.457856372535716
id_r2nitpoo6n,25.684945958080828
id_crcf47qz6r,20.567359573769952
id_s0472tpnvf,24.43327347493366
id_4x8344brzc,20.35845462126649
id_f3th0516p2,18.856538429632558
id_rq698snr9f,16.982428997839307
id_bqumy9109l,18.524682245752697
id_sa87ndj19i,23.47789427943755
id_l50a8gf4z2,21.95520096641869
id_d22097x7wg,17.526744078831737
id_o0l24mamhf,17.69133683082871
id_u0tbd0ho1d,16.539925307207703
id_jh9oqt4r06,20.071887000382254
id_s5qjht01ct,14.743009353882972
id_9jvayvxhsb,19.825828649166326
id_2ktyalo4fo,17.751650663546634
id_yytme869mp,22.416960934841
id_qjy6t0mvby,24.486986796140908
id_vqx1ryf2ik,18.81117808898809
id_xlf2632glg,18.006145846311448
id_9ryn26zoyf,19.061714328771554
id_0bhupilpq3,22.37973702852911
id_3oog4p81et,18.448966084373556
id_7pwsq2822m,16.893469119285715
id_xco3eq9ewy,17.56575139211213
id_86pol7d8z8,18.85967717803733
id_4hq1smw4qm,16.506933326680624
id_mwm43tu1lt,19.9692454653092
id_egnnmgvz1t,16.947448532632315
id_ql3nhnzgo7,16.681192858223035
id_6yei7c05s5,15.191352299592852
id_37ncimqtl1,17.45119655700493
id_faigrj26mv,19.708183102533106
id_b8gmnur08k,14.885761444438552
id_uhkuycqlqg,14.888230707232946
id_hda4qbl82l,16.187362523573213
id_l81zesfyi6,18.852773792685017
id_8fw0qddr4t,19.34512777219178
id_3swlrvxi7m,14.311229646834525
id_2iq9tbz4bu,16.911913728793696
id_l3hzf7xam7,16.45330661288108
id_7yfs7z6re5,15.499087725026651
id_3qj7edycff,17.228845016953038
id_zz66kjwki8,15.752805062999695
id_836ugfrmfn,17.910036489966533
id_i7eew37mck,14.231898743385766
id_bxqgoacauj,21.11710923950102
id_0804vchmvm,19.20005044540376
id_o41hevo885,16.691913775464986
id_55ynsd7iob,18.43565860468106
id_xmnors3b2p,14.726264007580134
id_i0vim21vyr,15.457213225399109
id_9q4vgsr3t8,12.750033833911411
id_nzvtf8mk2z,17.29944694104883
id_qxhc5b04ve,13.32296720678119
id_bmoknxippd,13.344921444746717
id_y7pq8dp4ut,19.817452224257995
id_7ibql8i2hn,15.3893258668116
id_tbkdhkji8c,14.483017359545846
id_2xvazzddgt,18.473160815257874
id_vo6tjecx2y,19.48594550116475
id_td1i5lcg9k,19.98625545018932
id_ruc95ajmux,19.00505173106409
id_a0at61dzen,14.720942605559696
id_0zn9uivt40,19.111768313976686
id_qlx50d8vx2,11.693719746219738
id_u6z7b5cbh4,13.322618868574539
id_qruu4eejyy,14.2706227181746
id_9vwonnifzw,15.998356605260918
id_0lnfawjnjk,14.456286759488698
id_31uzu5wcsr,13.574392515993775
id_uzija37zrh,13.673321521944782
id_z6s5np5auh,15.667061667134483
id_p084kqcwjo,13.899550894443268
id_qvm8ttfb1f,14.155677099582185
id_yzoxe0nplf,13.038145781574721
id_n95r9k6tql,14.865409062159099
id_i6gb7eojjd,23.828944201326962
id_rj99alu30y,13.994610505934547
id_qlb79248k0,30.897810838904228
id_5gr1418j07,24.243925410707796
id_mvspb7k941,15.078284695708627
id_w5jw7d4cs6,23.304753076095803
id_ksu34mhpjr,24.48463309474699
id_rwz1uudt8t,17.39983080753728
id_q22kldhur3,20.355810709633367
id_2ax9dk8j9y,41.22556718193151
id_tld5diafyf,31.080100596395766
id_do4asz4s0g,22.792553962665824
id_3alewcubl0,43.033574077650954
id_8zu910kppu,42.342946378207245
id_1s9nyk6u7a,23.831704045021226
id_l88880p40e,21.8720493399819
id_hr17wz72sy,26.694370340854583
id_cjj6ks4lan,25.342474293680407
id_odokt2hr7x,21.17645773592409
id_kw3winhwi7,24.46256876624654
id_jj9rbh612v,20.36265165025736
id_26j0qg7uea,19.070057651029437
id_ycnpcmmjh1,16.431042358549888
id_7vaqpmlhsv,18.558848108990926
id_c9cup5eoxe,23.93279719412322
id_rxl64ozpc8,17.570178889467925
id_wlrwnnkbc4,18.161860303546497
id_5v07yr6kc5,16.784561756635043
id_twzj5jj66k,20.30163137305456
id_72mxu4su0c,23.33806823171828
id_c25uc85sjo,18.621890954010567
id_ouv903vao3,19.933539734399496
id_zyln20zouy,19.064729493474086
id_gl5zw040r9,15.516489039781733
id_g8wutb862i,19.9692454653092
id_s8gpkg7qj6,15.752440062783613
id_rmsthvc1sd,15.431268354978656
id_ke99qjo5z4,16.664964445512293
id_77oq3gka82,14.349457791420013
id_d4rug7fs73,17.150617186376554
id_0q4rgwhh5j,17.910036489966533
id_6a84c2y7xm,14.301689032822472
id_6q6h59e1he,15.329887871947271
id_dv8a63xtc0,14.419077544787338
id_27ono5yevj,14.650450408811356
id_v2r3sg9n1j,14.184139512864716
id_3p8yrwj992,14.657968648746094
id_wk8q5ydpwc,20.082770801525903
id_xddq8x5dw6,19.00505173106409
id_sharv68cbo,14.825457942989548
id_98fux0thhz,16.630057317928646
id_ago3payk3b,11.385619560972435
id_2bmny3x2l9,15.341647193240176
id_br2ieejs8c,13.808640069270297
id_weseav1xhv,16.063597360981216
id_qwf1i3cj7r,11.87012508154903
id_4fdnb4eyjk,13.65663121381121
id_khcy0c8nrh,12.855281569105378
id_kjsl8ka1vy,12.41202968226694
id_1s4emym39i,15.760203001871359
id_cfswxplen7,14.686985572894601
id_ri3sgqw5vk,13.097896498029044
id_w8xmcsup55,15.09479850206344
id_oskrymtnrz,13.553238886721115
id_a5nzunklam,14.603309228304541
id_okj6k5qcws,18.351915260237575
id_ja07tx0n94,14.659811401133815
id_1cu5omuey9,14.916198063872852
id_ph274c2i2p,23.401129110455997
id_sx300bfhv2,24.48463309474699
id_xlkeen4coj,17.39983080753728
id_bhdjsv4g5r,19.51048571405854
id_doxq14mqw3,20.355810709633367
id_fbog8w5ysl,39.81190110049731
id_nf1gsgtgns,37.9693634615239
id_10f0mij1yf,23.474114905206964
id_m5e0u3d68x,41.792865121142455
id_x6l5iwtgrd,40.83866573720151
id_eyx4q4fnev,23.831704045021226
id_4lfxjvfjkw,28.223318537742156
id_32u710vh61,23.746550307640064
id_zsw4618nnl,25.83513447318079
id_b0ww1vi7ut,15.624302707728773
id_43huts58gh,17.398279547596076
id_ivuzjmumge,16.188103604008127
id_643x1kcl8a,22.80332832300984
id_8c62htwyf0,19.85225868937303
id_gbcegwehwb,21.02761485380884
id_hx6qnu01o7,22.39657074764728
id_r69gk2kevv,20.633554312034114
id_rfr69eoy4e,18.38752777210904
id_p815xbtmh2,16.64018562117971
id_q4htbc3mv4,18.2617478530175
id_3qu1qg5an9,20.041406681093946
id_jxt2raj564,20.217543599143998
id_whkxth8443,16.238757132391825
id_r5h0grolrb,15.55558938320111
id_gqz444p0t4,16.622421513214203
id_cm6tbu9klf,18.94287395132778
id_6gaw1mpb98,14.706373827311754
id_mi6cveknqi,18.4549496182749
id_hrztm9t3ga,15.729792913541107
id_2f9mvhe5a3,15.73954826919704
id_yrz4dphzc1,16.364449743269823
id_zngjgoo2dk,16.18657455007947
id_pxwxzopg5w,15.081764048414568
id_c40jzd2xtz,15.495580238803598
id_h0w3y9kfum,14.627734682362881
id_78loal24ig,14.766916805260745
id_a6zbnq2jfl,14.901807249776045
id_dwojdf96vz,14.817353681109871
id_kh8t0u2ykn,13.534613588805438
id_ulncgfoozq,13.053883396208107
id_bhaumyn0jh,12.724563433498075
id_75yu6r1ix8,13.089540847695547
id_nvx1ah4m6e,18.876842247830098
id_4szygx4nu4,14.720942605559696
id_cfhk723676,17.20727686461295
id_rt31sygm68,11.693719746219738
id_dwxwdulu8v,15.142602675610753
id_dclo8jsxow,13.179297753803336
id_u0imoqh2c1,16.434719526303397
id_a4d6g1lekm,13.23377573711692
id_cwv9ah2kuk,13.175288600795735
id_1583r9rcn9,12.656435583397856
id_55v93496t3,13.658681246443365
id_p6iewno0go,15.760237306397885
id_a3wluzck8n,13.18172683389539
id_tg3rfg73mm,13.71857438635539
id_haijdo7a8j,13.398855406817479
id_aukksta5ut,14.723620975098768
id_vwfdch92yw,13.1456646382357
id_vr9rjzdio6,14.22645408055351
id_hq9rjuwiqd,18.351915260237575
id_plkyx8w8df,14.759921584056002
id_mps4kqn7xr,15.271509773035412
id_ohn2jvlaqc,16.519085926752453
id_r2vvygjx7z,24.25343024418284
id_8ythlcs4u6,17.39983080753728
id_wgho99po2u,19.388554663189158
id_y9o3zgw71a,20.88397558616231
id_5lp79xg2n0,39.59530249012543
id_vni712633p,31.280380678242295
id_j2425ljqo0,25.798177691577813
id_01j3m051aq,33.50820459434679
id_r0n1tbsc8k,33.156824825725224
id_y7ffq95y6e,25.09027623945824
id_hajr115naf,28.248549208478202
id_vvmmry71u1,23.710711419298498
id_vp5euuu0a3,21.408245879496455
id_b3j3fd3rmh,17.479492724518177
id_sifhxybxky,17.642279026493668
id_hz8r2su7q1,16.13245246544107
id_idsihhjz6g,17.16405209333134
id_o866qvk74p,13.592848932409035
id_0u1n7gtyxp,16.970383076376663
id_lyrsajp3xp,16.38854340832738
id_bzccsloevv,12.560274765402653
id_9c9z014n0r,15.883853443555546
id_0che20octp,15.805799557423791
id_8lyeumoumq,13.252824207910821
id_9wiy3lc33n,14.55202467187382
id_9a78zekrny,15.624302707728773
id_59yb1kfkkt,17.398295090201724
id_5qugn6f0n4,16.18898736564554
id_ch556d7iza,17.767646954571326
id_yljh4w9iu6,14.597395645456102
id_cngpsdvk41,15.051793496116302
id_cpc394pksr,17.54299730973862
id_9e8yludv11,19.259016910631132
id_wmvjf8lqx7,16.48417050312978
id_fxa58eejly,23.086179255956214
id_lrnh9ds8zh,18.308343775549815
id_14c1s7ewjb,20.220370420183333
id_8h35d7as03,22.884319400598038
id_pirch232ad,18.15904437410375
id_l2k4cwt2y4,19.71250500131886
id_bv77jcdr0q,19.084212628406227
id_fdqc1chspp,20.573873558786108
id_62ln78y7zw,18.919023744037148
id_r6uupiy606,17.715494342021124
id_pkr851vgsb,17.22586981959544
id_5dt20d24kt,21.179678661500382
id_14iduc4f9l,18.814095621966448
id_s0oyk7nplc,19.546122273868605
id_ohoxj2ghjr,18.843872936469236
id_lx42qav5js,16.69179800119693
id_7y4q699t9l,15.388542811875967
id_dp3acipvh6,13.733737806372353
id_t5pefcc5b8,16.532078576462055
id_lpt30pg4he,16.332202409082612
id_3t6sgybjdl,14.490999859738709
id_9n0a6kx46d,16.706015019797192
id_slvqhia6kd,13.91119244761628
id_8ulyzkbx2b,14.218749676999881
id_jo0fplisra,14.179063472169695
id_dy11ridu3w,14.790532210940778
id_3qf6thp1zq,14.539371554959336
id_irq21mxj78,14.45849031999488
id_w2cuumaw3w,22.809058826180603
id_nwr2vpkoe7,14.580711119022226
id_u3ih52igtc,11.56688790726111
id_o1esa8wsif,14.927309509546568
id_gwxneemm8m,13.482795855641335
id_mktr6ix79w,12.740138203986666
id_2ptvfeal81,14.256052189520943
id_elkdukvihq,12.855281569105378
id_qwk4cugilm,13.681767893715985
id_1oz3u6pwhi,14.373278875349884
id_y0xvef09vq,12.397242078216653
id_23gmc7gsmv,13.71857438635539
id_r0m6c354qj,13.004713454967339
id_r0sqad4l78,14.629395516398056
id_ghdqd5jsd3,12.944556964911573
id_x8bwqtepbs,14.681704987832271
id_ya5dvzycq5,17.7980556122616
id_9wue1vw0je,15.381868602590316
id_cv0ocjo7yc,14.850359052208525
id_tembu3gfxi,19.97068440047235
id_jtuteue33p,30.908272984671658
id_lzg90mlb1v,17.39983080753728
id_z5sz4wfbb3,19.388554663189158
id_po61337o0p,20.355706305864707
id_u3ds0qs0ja,38.58443689591316
id_ux2weabz73,31.109614003266373
id_8ew9nnhjzb,27.198202879913364
id_lpk5vf71ew,41.140204828155994
id_haz6ywphnk,40.169044937083136
id_7r1kfjjh14,24.07766080346128
id_663tkhfuc6,34.56011186377919
id_z9c1h7fnjj,25.430873967730527
id_9dx037ij0q,26.700286360197143
id_tzdmb15txs,18.61685647993358
id_6ngwi1vl1h,12.226282938803163
id_cqm8i6ol8g,14.785592623687977
id_l7eneup5t0,15.346852068632579
id_sfbjw9ec2z,16.28601180662055
id_j7jqrbwmi0,14.856293248252335
id_wwdzrwgr58,16.004459270877728
id_kk82r8fpuh,12.56790900953214
id_wat59la3q6,14.776204726339587
id_xhxsyxysbf,15.543407398689146
id_actuxo4gmq,17.007924810571765
id_6qitjn8c8r,16.42008396746446
id_jdquy1lxet,17.23343860057234
id_g5325vgzzt,14.79522282676135
id_c4zrpwzc4a,16.05782864643576
id_t5anmg4v7v,18.06772415287977
id_9af0ydgl1s,23.930779894011096
id_9wwxdbqekl,18.361219565917008
id_dtzemr8b33,20.340619654668917
id_qye7rb9bbu,21.306910922112337
id_1s38ze4v8w,22.136614326135906
id_1doz4c69ph,21.129046731468808
id_18tg20wg54,22.994645363697046
id_mf6s46v1uw,20.824303496157533
id_krkw3iqkf6,23.980985556730953
id_tcql7qm01y,18.965612086364878
id_czit7flk3p,18.61566840522596
id_67vafahcsb,18.14930284169334
id_ocawwzqkj7,21.638244703182973
id_6hwobiyszp,18.107753318473833
id_3hit2vt54g,17.327081889946708
id_kxjx8xtw71,22.541029629364107
id_ujvrrf4kx0,20.607269987112943
id_p7m9x0qpi5,19.57512094673245
id_b2w6gxhazp,16.909462351384022
id_0glwf1vle0,17.17586688119621
id_h52hj66b1j,21.5031269237413
id_3ykb55avzl,16.42681043295304
id_4140yukx35,19.25057791112257
id_ejschtytb2,18.795628031690697
id_bt8l5o5bpc,19.216708539576288
id_01tyqteuzb,18.642516820219107
id_xxtlit8f06,17.486388268475245
id_neowy957qe,17.0330401355113
id_ld5ad63fk4,18.01827102595489
id_9wphwvxjbh,19.273387988914624
id_bjwf0gk35g,19.570145655489224
id_nk6t94cwcj,15.353762911525457
id_c00v9db3kd,20.263835120604053
id_qljfbbues6,16.138980074820015
id_8l8rdvtd4z,16.10958600194529
id_ucd95ihefb,13.759412953406
id_1h25lc42la,15.180570122016766
id_7rkgygr8my,13.353659906788799
id_qrzcnk9cb7,13.859043268756228
id_3osclzuma1,18.332221125903235
id_j7yo6gfpr7,15.811438036668008
id_m8zu1vzawt,14.41022998948416
id_bjboh76f83,15.651585609748766
id_msmgdqfiqk,14.062643547371767
id_9d9nc0plgr,14.565677379099842
id_fnstzi3enk,16.986769797392522
id_3h9gnh7is5,15.081764048414568
id_ymoxc4wuvj,13.963247700758215
id_diweogvo4x,15.19913969072823
id_wl3mu9y4pt,14.040936586663875
id_cypiwo10y6,14.348118250175919
id_qh3anhhrlw,14.978891848874525
id_83z9c83r5i,13.885730946993315
id_s1phnl1iyl,15.94617846074179
id_uqoypd8y4s,13.919884744470405
id_e1c84vnzi4,13.962430543056108
id_duvrjwe7j4,12.352571373119678
id_cpaolr5w71,13.432066372112523
id_0gez5n5up3,14.513642950350935
id_4dxpvc7v0t,19.973681348950244
id_wy3b3kwp1u,12.964643220646966
id_kcz6mx2ftd,16.11614092035746
id_s2azjdfda4,13.832639484789471
id_7zq37bq2m9,12.472602821703704
id_80ps7kboqo,20.244712383783092
id_wdp8cocu50,18.876842247830098
id_gxnloqrtfy,14.974733904232298
id_98zx0ydmal,17.20400126779124
id_ikydapbjg4,11.337510320897243
id_x9csxregb4,15.431453200406182
id_x726sqebnc,14.377962411435599
id_embux96a8d,16.74009585168213
id_n3zi21eakt,12.670997941337824
id_cmzvbp4gp1,13.086518711100535
id_lh42zi0nvd,12.787894340914397
id_lq6ofubnzh,15.270116080031762
id_ak1gmocab7,16.05158849236008
id_j2qbzdu60r,13.439935898156087
id_4s7frhrx0s,15.307618436305496
id_swwnl6ehwx,13.37504606252768
id_0dzgrhmq0i,14.723620975098768
id_bblmv4qbuz,12.496210047907391
id_ns1udfi49f,14.540684550580128
id_3t4mu9h9h8,18.588168894362003
id_np2i3652hs,14.980197889906565
id_0m1hyk0i2t,15.225128315011004
id_47086vwi8b,17.621225144262592
id_w1v8rlefq7,25.348545666796785
id_p24h3f2r8x,16.8018851234957
id_dlxm63a09x,19.31850123018262
id_ri94vbx6vg,22.43008656471548
id_wi9j0eune9,39.55422128651522
id_0z2yz02gho,29.71519975067096
id_013dywijcw,24.13515340702967
id_whd8ue3507,41.83087959789212
id_wmd6txw3qp,40.64549997047334
id_2uo9nruooa,25.659753911678006
id_cmezkcvthd,28.099406537853078
id_k00w57rr6l,23.633455710728043
id_rm817jen6a,24.997298100021293
id_l2wquc1lyf,16.608294400735478
id_f2ayymfg06,16.58322091954625
id_2xwro4u4ib,15.072433529322346
id_s4gcy5ldea,13.945335853150086
id_llxl5vedjd,16.00577144720618
id_ra9rzjf8cs,12.560274765402653
id_06it7wxay5,15.883853443555546
id_p358wai3ar,15.805202109320279
id_63q6x7rc50,17.10491032104362
id_yrqlregvfr,13.187884515321912
id_6ey2mcbqfl,14.776204726339587
id_xz9gud04ug,15.750273292241896
id_upa56c1xqo,17.58367280491951
id_apci48cec9,16.188103604008127
id_ivaqozbhfz,17.70576335786876
id_5r9lkzxt5l,14.79522282676135
id_q9fyy5hlug,16.60544289929527
id_fia47n8arx,21.728376201842156
id_c8ytbvxreg,24.03813094645995
id_715d169b93,21.81129968962638
id_i41soezu3u,18.428594840694963
id_ghl9lkmkbc,17.528212289859404
id_jhwg78mhs2,19.811141693846658
id_mbp1opp105,23.198708558543792
id_tpecaex89x,18.94855078956367
id_gkqkcuvhn0,19.71250500131886
id_jl7cx8vnrz,21.32475926346157
id_z22ai1ufxc,24.16905674750896
id_cf9eqd8nio,20.633554312034114
id_4nvfqr7bwz,18.45160198281105
id_styx2evpu7,16.454333621646175
id_r4qfxsd6qk,18.031995104956565
id_6ula6jqx2d,22.635865621478104
id_ab11cvvhj1,21.44332869357615
id_lru4a7apze,19.121614689760005
id_1h8qiqvba3,17.626597086706134
id_jocn99q8x8,18.58509441602041
id_yqd8by9too,16.178770484943044
id_3vo780asu2,20.312864335431897
id_t8qspqxocv,15.64799704980314
id_fxt49fthrg,18.795628031690697
id_9hsvvxccfs,18.185091577566013
id_mdox4e1wm7,19.818632614556492
id_e0v37gnrdc,19.744370329145628
id_4higx88y8s,18.795158551739377
id_dzdczy4694,18.394320443895708
id_b9cls7es48,18.28217328518432
id_ii1b1vx3v6,19.821537792096848
id_qjkp2dhlfd,19.700827443642453
id_4tycdb5q0i,18.873336680241003
id_enssz42xj6,17.551019182128982
id_j2lnxkjgor,17.491997566149774
id_d1kz51qzme,17.690866464575528
id_93y706i4uo,19.82742500122702
id_uo33uxmu30,19.533027600199183
id_42uhyp7b1d,15.207447788152841
id_557lj2gncx,20.244412307035457
id_g646xm5v36,15.33350545629904
id_3u2zh5sctj,16.4277154104205
id_88m5txqfk0,14.200089685582322
id_636veo7myp,14.441106954797098
id_mw8i11x4p5,14.674962338924706
id_i01umxhgoi,15.526167681598949
id_7htzho5nfe,13.353659906788799
id_rqvyvvqjjo,16.174460081856424
id_3sw1g6ujkh,18.163351559424967
id_7koyjh6lyz,17.318579122458587
id_h33dmmxmxt,14.726395783307582
id_b4zqx3ey2e,15.86493337824004
id_rigbnum9jj,17.04988948353558
id_hwnk2tvpjh,15.82369420265426
id_3djm31ze2k,14.916062602635925
id_y1b1v2oco9,17.66611077828211
id_uiiqit3mio,15.978214264481723
id_qjv34s9tgs,15.081764048414568
id_mw1dkfs5o5,13.963247700758215
id_zgolsofwkv,15.356801870063688
id_gntve7cvte,14.679178849338925
id_mv1hwwypf2,13.448727874451219
id_66vowuru12,14.978891848874525
id_718x53xw5l,13.678949539936578
id_y5duq02fcq,14.733138877999995
id_nabflglwpr,16.033804656896695
id_m8gl9o5dbz,16.263239730359448
id_s0yzedmwy0,14.383441431406634
id_n4zpk50eng,13.21959945950885
id_bf0mqyujkg,14.552730989224472
id_db6l9ymytu,12.930060415856357
id_zzhsplt3ae,13.465290773018658
id_gxvybxvz61,15.924056761683506
id_2hrjgfgo5c,19.36499541430175
id_qnvbhvfvfh,13.036245013873113
id_f4j4e8toay,16.11614092035746
id_yh8x8izood,13.732724088821941
id_r9gbkhu2zs,15.645401866167518
id_hzuko4hsbs,12.735406783556645
id_4akcsf7v23,16.064052040112784
id_y4a4bry0za,13.089540847695547
id_juefa18khg,20.21994997500726
id_8pg965n9uh,18.876842247830098
id_c1qncxdk14,14.89894955945569
id_fxdpjby57j,17.20727686461295
id_maxuuv6qwy,11.499058169104986
id_hqp1zmq2rl,15.431453200406182
id_7mmcd60iqp,14.352968746240474
id_5f3qz4huj9,16.530336033749165
id_m6vn47j4ge,12.855050513151443
id_mkyjtq0uj7,13.180241828576431
id_dd1qog5gsu,12.661752299358987
id_yltiy4ct4b,13.483827077229543
id_l7g3rwiyu1,15.760203001871359
id_y0nex8ki95,13.274877581029429
id_trj4ropjy6,14.742941606811028
id_xkfnw0mcvh,13.37504606252768
id_j7zs6cpw42,14.723620975098768
id_o55nqbxkhg,12.7892344172096
id_l3neq81nk8,15.144066120559293
id_ft7ki0jjoc,18.351915260237575
id_1doie955wo,13.948966629391334
id_pap3jy3v7v,14.559663617808345
id_64zbc8ou3g,17.769186299996022
id_1ssvmd37d4,24.689723621857688
id_5i93sdabtx,17.363333318776508
id_5oej7jiuyx,19.505987127371437
id_es0jy27ww2,20.197657995059153
id_ze9u1sfrwl,39.59530249012543
id_3y84kki549,30.39969329295318
id_glm9sjal1a,25.728292153035348
id_kjp8dcqhsa,41.480668279854356
id_2s4n7u9qbe,40.36291084232364
id_57l2n9hbxk,26.45854952159944
id_0rmqw3hqow,28.058048901938154
id_uc46nrbgzu,23.663689420041468
id_zck6gqoy8o,24.93495855780412
id_4utcad6z0z,17.689733231725825
id_faw7vd63nz,20.389472772411132
id_bfmddpm7dk,15.31353931449365
id_zsn1j1j2ex,15.072433529322346
id_hnknralqvw,15.110827918835177
id_j3s4dhvwvf,14.908318297258816
id_nb9skm42eu,16.134501042002167
id_e30vibg2cr,12.560274765402653
id_hr07rxuwnk,15.767760974215806
id_cckgjin8j4,15.810393199864087
id_1igqyragk7,18.354394482734307
id_pbbqks4896,13.187884515321912
id_yglxjnnnmd,13.933455627269442
id_akkkm90ju3,15.624302707728773
id_pnw5qxgci5,17.404297933386573
id_ed8b146zq4,17.646869536375043
id_dog1qrt65n,14.775249961822887
id_4iko2mf9m1,16.001173914052874
id_tf16irhnxj,22.58268682674911
id_z8dbvb7mld,19.205164557202504
id_hjojye2bnc,16.61839633706718
id_e74fkffny9,20.929726278414506
id_96r4h4wquw,19.387762333569935
id_n8zuiv730d,25.729249872048804
id_q9sf7h6id3,21.025035579937278
id_1ahz3wcpza,23.57930368229526
id_bij6rb0yyc,17.37940244243265
id_rj67797cdl,17.02925227083564
id_nfgy5cs3i7,19.629051375391377
id_2gg9612372,23.050648659016172
id_rd2ycsqjqu,18.94879858817591
id_yhyq4hrrvo,19.71250500131886
id_cugq7k2136,19.266995992675948
id_6ztrbzwf74,20.472627045838266
id_b3864dngn9,19.10806733581431
id_fslinj6lsz,16.48676449039526
id_nr59rjq353,18.285447868194254
id_f937o9uhz5,21.231454582888524
id_pdm9hc9akh,21.050789034376514
id_hlaacmpdc2,20.951547174688923
id_43l5b3qppy,17.206550291777898
id_nhboyjouon,19.743182326575635
id_e9tjlmzofe,18.73601758188703
id_uep5kutr80,16.43555442327707
id_xdu2qkcn9o,16.07318161433684
id_7xqj2zy62f,16.609389604943246
id_d3txp6ww71,15.211536993752983
id_kpr41h1gl2,16.443552963711127
id_eeu9sw0k2s,13.304494660905952
id_c20q8ikv7t,16.37848712567547
id_g8oqjuggsz,18.279769294406712
id_2nq4naxlui,14.726395783307582
id_qny2l3j2li,15.82369420265426
id_vvea9k8tgz,17.150617186376554
id_t009are3zm,15.91315366532233
id_uzuka63dnk,13.808088583476716
id_rkhciqi5gp,15.276626585445822
id_9qs0u03sne,14.838069252670422
id_beoswwa1jg,13.942393210060846
id_6yzetfd0jr,14.857972889387652
id_ip144xmrio,15.958828735109513
id_y1jzpsul42,14.656035519841849
id_irudkpu9cg,14.313367069310559
id_43ve2f04z8,20.260992361901806
id_4gby11apzd,18.876842247830098
id_brzm1fa82q,14.550046461069606
id_cikkzszzmw,16.96543263886261
id_93uc5zchkn,11.56688790726111
id_n6z1o0dpy1,14.797651176955913
id_r9li959sxm,13.27160414156662
id_om1wxt4lrr,16.439086641603964
id_kj1k62c4hk,12.800534019932194
id_x9m9yvh87r,13.175288600795735
id_xraq80851o,13.468970158568478
id_hs3bu1nmse,12.702608846995666
id_w183sk05qy,15.760203001871359
id_ctdw7mpo2o,13.332477574061727
id_ycnd040s0i,14.742941606811028
id_bhghd6qnsh,13.034993434699945
id_yly1mkkcmj,14.852658088042727
id_bhcer2s6k1,14.93541056433193
id_ts9g0trocv,14.574779146774375
id_1qto62qavh,18.351915260237575
id_0wajzy8ts6,14.344967441984327
id_wpu97wbqk7,14.710323036765114
id_zmyx8uismd,23.580254440098102
id_nlxvai48i7,24.25648628339637
id_dkdt1jrmsn,17.24083453216266
id_8kq3got9a1,19.51048571405854
id_lr3rz1e86g,20.355810709633367
id_6kzxrawpey,39.820148366262586
id_xwyw71ldzx,38.0857342592668
id_kkivrvc6dv,28.446948150790192
id_94wuxmw8rb,41.552702162721985
id_3q8sdy56bq,40.654697795562356
id_oc2m0zmgnw,26.0672306768545
id_pwx9pelurg,23.527152824117483
id_acjbfx8dti,24.631269078310236
id_eum8a3klcq,25.83513447318079
id_is7lidy1mf,17.704482770951273
id_3gzqnrpvj1,16.99237756819395
id_tgs79jz18s,15.34159951177844
id_1vuxj43b5t,15.006100915776702
id_0li1v5bnou,15.035542603803421
id_2rkm63c28h,16.3470256965266
id_u4ue41ptfe,12.873841836354295
id_hqm9ncx8e0,15.75729529966518
id_nm7ygb4b3l,12.955456505485088
id_jh45q5uczs,15.908497757657305
id_8wae60vl8s,16.562140124567318
id_oew1wkaotf,14.438574393609612
id_2blz0nu3gr,15.889353661413292
id_8561e57ms1,17.01674880677221
id_6l2yazaml7,16.349441515392765
id_u8x5imye5i,17.572241951239302
id_3n4fcuig6s,14.737653642309963
id_63yqksu7g8,19.205164557202504
id_vr7oawtyr7,22.231278138338784
id_hucimtkqcs,19.29946704546339
id_en1o2lrl13,20.800435345641112
id_7unrf37lps,18.82818537317674
id_airjz9ye97,20.962947118188822
id_scnvuwxqzg,22.68056130323784
id_e660aintu0,18.94879858817591
id_xp5zllo7bm,22.611313393060023
id_9vmhojq424,20.472627045838266
id_1qhlpx2pcm,19.231290877594713
id_qedyi4kq32,16.482659737989103
id_vyxdm338eq,17.944955051348504
id_g2ct966v3a,17.9098831790371
id_npft5kn5zd,19.65002427318054
id_d9roa39323,16.71957008423515
id_7jxotkoa6i,21.05073217733289
id_io83k3isds,19.75788085291162
id_0phnbrqgvq,18.70146051932815
id_8fhskk4v0o,20.951547174688923
id_jmark42lrd,20.08054974455079
id_4uoyxutrk9,19.098815431159686
id_z3ne71faqd,16.398775301572666
id_3lsi6od9kk,26.828700650036183
id_wnmtya2xe4,20.10835469362
id_kxpxubm2ks,15.82369420265426
id_jr62xr6pn0,14.792828348800146
id_i1ndfhbqh8,21.832799403279942
id_xbzzfn775f,17.169195984463407
id_2jgxgek3pp,15.385890177378549
id_cz0j93tjn1,14.889264766278918
id_ibjyuosq7h,21.027599277113342
id_qdj44e8qxy,15.2007415689938
id_pr6ybzbo04,13.88090624996174
id_6is3wqphrp,20.293953316097472
id_a19c8qy624,13.300643083111183
id_fccl3r4vhn,19.663131126102787
id_lpadx9ljyn,15.733310319609213
id_yrlxid7w5f,15.261229817916506
id_iyelznc712,18.345347273928454
id_d4zyhlrp7i,13.219818557940936
id_yamlzhxpzl,23.932018795677724
id_69z3k5udxl,20.979237091838716
id_250ilall7a,14.770917480837213
id_5oh31qlbqd,20.889827504568633
id_g0pt3qxex9,15.4748783255516
id_wecofpgirx,16.346535508659272
id_srbbfyzb4y,13.073679381675976
id_9dwlszpc6f,16.164861792070788
id_rx1c8t309y,12.94646367487156
id_ihc33303cp,19.92887137719049
id_efyw9jlc2d,11.992457124460115
id_r4qda17kgf,12.30652875174522
id_ztkiuvq97m,21.609439304286408
id_57vj6lphyj,12.194321112935697
id_1a219llt0x,24.152444423739805
id_7dum8n5jfs,24.24812714673938
id_mprnfw8jby,22.878766127854366
id_4kwyl8vwk1,15.502598612526292
id_hkd5b8lkry,16.15103076602161
id_ugse3zoarv,29.794196109410088
id_2mihn0ik0d,26.890085317305825
id_eq3nj1bw4i,15.59637245253033
id_eztbfv2vvq,18.297926087889003
id_j822qt24o8,31.36575640273589
id_nyc1n6dupk,17.067503459736272
id_5rfy4jo9id,19.580658412652497
id_z30ciw3guv,20.37995548703322
id_cikel8zc0d,39.882937876241456
id_pn6ira1t7j,38.58843818505913
id_etyxjytmkl,23.315060750097345
id_vk4ybuoyry,33.366269857419795
id_qm010ay0yb,33.243236461936505
id_ufglp9d8e6,27.956732361310905
id_vfxihvxog9,35.99234757621919
id_gx87k11mh3,26.003475048280833
id_5yblexf7zp,20.435267548709497
id_h24kmkoube,17.704482770951273
id_x3hkwvtuum,16.389705439954625
id_w5yebgnpv0,15.343625020154711
id_0sqrmgfxq8,15.397897738317784
id_af7sxbklj4,13.970507384318438
id_hv5isckfyd,15.072433529322346
id_ghg0lmyh5v,18.059776563155822
id_wpckthcmjz,12.703575671122342
id_u8j139024n,14.111106452794283
id_1jadvwi51a,14.756876909247321
id_1gm8yzoyli,14.514786325484925
id_qsbblt5w3q,16.134501042002167
id_51h39wnp4b,12.614877834311313
id_ny5f2xtwmp,15.995068601439295
id_3dhao9xr06,16.586209826623342
id_wwcepeo72q,15.805202109320279
id_aekpxa9j8r,16.27497128725917
id_hlshs2v7p0,11.677924229785226
id_csaw4okqxs,14.438574393609612
id_a57xn6b266,15.917796738991957
id_v6zbdry3ae,17.17695668776272
id_mjgt3wrumc,16.216150116983012
id_rb71ryy76k,17.51345644204116
id_rzzwlgdruk,16.422641649678905
id_bg7hzhz9s5,17.204504768368
id_9f0xa0vpm0,21.094350790603784
id_x19qug1u9n,19.205164557202504
id_neebsy7lt3,19.75731507900231
id_k5jc67rf2q,17.471957424233366
id_6vw340icrq,20.08979333870227
id_rpzdo2jabq,19.818981177206993
id_3m8w0ho783,22.014802169492643
id_2ziuzg6bnw,17.530081120831845
id_4hps6472o7,17.108899784939165
id_9cb9qenzw7,18.623019576973977
id_6rvd06xnhq,26.65193506743
id_22gpyw7j4j,26.447451807478597
id_970drtediu,22.475197008913433
id_oec1w7ootb,21.728376201842156
id_7onpirv1s3,24.187627811587827
id_8rt8qfy8h4,17.612723372819396
id_e69vc06bss,21.007992082948714
id_7dv4xh47cy,23.908401029747676
id_vfx2x5hc15,23.97692308632078
id_ljvpa6cdtz,17.38431289803276
id_faa2v5ox7q,19.596350176037515
id_t6xdbl4ne4,19.871110561455854
id_r2fdbsyh1n,20.962947118188822
id_jhwi52u0q3,23.010152167982262
id_55pa9g9m9g,18.94879858817591
id_u347bmckbj,19.062209852252195
id_3ygrfqgttc,21.757787118529105
id_z7heeojpzb,24.126933049896962
id_utgueavnmx,20.633554312034114
id_h2tqqtxe1w,19.2582864672601
id_mrdqqwst7r,16.482659737989103
id_5053tusxc6,17.695206389991775
id_h6t5tbsidc,21.956598939889112
id_4fs05d28s6,20.441217712046857
id_qye7jwpbs8,20.08733821113399
id_um00ew0g1b,17.23470565748356
id_fzvy60mdma,18.207336494095976
id_l7u41q4cr9,16.07166727331539
id_26og4v2wx5,19.74214806581891
id_b0a1xu6nu0,16.16745720228687
id_xumsw5m3ip,19.64931870022044
id_3ftig6nrpk,18.55525112115289
id_0ejl66y98y,21.46861616920678
id_ph0mqd3qdu,20.843359462300377
id_1j21vhuakg,19.574796405053014
id_9b866t3kcl,18.597691788122354
id_gm3rhu9jak,18.487302714408813
id_vldjdgbudl,19.950646976271102
id_sg9gnw6j9a,19.75788085291162
id_jy6wca6oh6,18.918443298566324
id_lgnofy6syn,21.524454795262336
id_g1j9pxh5yp,20.951547174688923
id_xoh80ei36j,16.914895412539572
id_g4idr9b72i,19.739532514441432
id_b7cn1tm7jw,19.191394399578563
id_3kkfl60mdt,15.353762911525457
id_3cnzembvt2,20.24996216031934
id_qh3hmxe3vl,15.33350545629904
id_dm2ngicucl,16.398475138992136
id_0pj7rbu5pl,13.45984314528592
id_0b7len9grt,14.11451722766579
id_lkjbthp6xi,17.30993480286785
id_msyur8bama,16.01753036119672
id_r6b4lems42,14.241666801239521
id_tdtmvz23p5,16.360662708654218
id_ucg35myewu,17.970321143699792
id_cpu27o1708,16.247666211397977
id_8g3bfwtmtc,14.726395783307582
id_lvwrewueod,15.86493337824004
id_vjr52dclmq,15.658385999214953
id_74lpfoxs1u,15.82369420265426
id_51ipsqq6fi,14.767485520972933
id_rgv5vz1wi7,17.161125550862867
id_xukt8h1854,15.821587645079308
id_pvjuaozpis,15.341489921478576
id_dpstb14com,14.952097063297082
id_hfo34xjax3,17.180404428995494
id_1xcm67i57m,14.41510224318896
id_5w78ao9f51,13.88090624996174
id_wjwp5bnl95,18.883145903665195
id_q29d5fhap5,14.341567639303767
id_stpxgfh6at,15.96100693886801
id_lp5fau1v5t,18.799659356059813
id_7oxqpk7s41,15.809358861584037
id_4dnmn33ra3,14.716997455542652
id_vxnrc9eyhk,12.871932085925907
id_ysrrbwixap,16.839561159601136
id_yhfx1lpevn,11.837543508020579
id_c6a44pvjv8,13.565822615945336
id_s9f3ml14cj,14.681859693656147
id_d0w9c0xp76,18.625884318271837
id_a9fbexs6qf,16.744463432126913
id_9wzfhpw4et,15.883255649323665
id_ryi27ogtvv,14.92543010594338
id_l4fl7gcf91,21.195796331240807
id_tkvbxrgren,13.15851457761742
id_1wkfcd4q6t,19.689658253868085
id_mc88pd2apf,14.675944958304754
id_00iv2sgwb9,20.75516520983662
id_e7lfbanu92,22.76176308300623
id_1mdkr0dgz1,14.437915298580123
id_evzlq1bdq7,19.714280105186738
id_0fzcmep80p,16.470452635058567
id_dwd9xbd5ep,16.346535508659272
id_845jje9evg,13.486093389206655
id_cbrgljomk4,16.416801878364655
id_xadne3g2dw,12.94646367487156
id_fdlsm6mg2z,20.293689657683576
id_r1w2mcb346,13.501959229564353
id_1c24ja9jag,12.292846902059445
id_h1v0nwz453,21.301067559140076
id_igvjbr17my,12.306595703144058
id_isnin8oj7j,25.19179876458586
id_lts441t4ge,22.755039557571163
id_7k86unkgbf,15.67652710369617
id_xs2ivx2taa,16.189659068776542
id_t8pxhu1lko,29.5109300963482
id_cncxlihk4l,26.875717610909042
id_u3n972yugw,15.59637245253033
id_5dtltk9ol8,18.3593204574549
id_2d4xbl322n,31.349642098928797
id_6ayd3hz9lc,17.123144078387664
id_fhedgc4ogi,19.71604784417101
id_je6xyskvqt,19.539325917504456
id_uqplr7i3e8,41.25789412077606
id_p2mep9skjf,30.420186249755233
id_klmztpbnj0,35.840105951866434
id_w8masqptnv,35.54108519512684
id_uqe5p1fz8i,28.06855216957176
id_vdcliffox0,36.78803850345608
id_suphbrot9x,25.510890255563563
id_qsl9hh9hbt,19.50501763343864
id_cu85lbcwzc,17.704482770951273
id_p83lwl7p4d,16.99237756819395
id_xnvv8228h2,15.919463237881832
id_t8sup9cci8,14.849135015141263
id_ryshnzfv4d,14.380561712731572
id_h8xe0d6wnr,14.702563292030026
id_y3i49rn3cl,17.887250715026195
id_q2e9lqyx5a,14.18992442429036
id_rxs1idu9rd,16.773991043971165
id_4oegd66w25,15.18452543850469
id_bb5wq93x8f,14.908318297258816
id_52ecm6umwm,16.134501042002167
id_8dwwuytb5v,13.066490976326381
id_zzjc7k91lz,15.91939114583062
id_13zklidhjm,16.44271003986027
id_3987oyytgm,15.751663395194088
id_vrhp90mg8w,17.901781771921286
id_qxd7crl1kv,13.610597529216394
id_c3yqmpgirm,13.932236907536785
id_m04u0g3jmm,14.897427538595249
id_oh231618a0,17.122349671973108
id_mq7wn4kpnq,16.340169109490063
id_1s9kt1d46m,17.208291794971053
id_o2jovbwixk,14.473751317240541
id_lbks4puqps,14.349620229330194
id_s12qsk2fm3,17.429272271079753
id_oy724ak7cq,22.58268682674911
id_g27rgw6pl8,19.205164557202504
id_uvlutbrlhh,19.75731507900231
id_uejyos5gh3,17.891552579670964
id_9hys0algtd,20.236598590965357
id_ga16h299c7,19.93680446919661
id_gxrrg3cnlc,22.94309521189777
id_7mz1vu7g4g,17.738533205206824
id_g2fmh836nu,17.11154857662112
id_yxk6h4ayeh,19.136748584260957
id_unsewqvn1a,20.99139520773936
id_1e0dh5jqvo,22.09986752874663
id_ieyz0z6h0w,22.78331298411663
id_t72jq7wg7f,21.14401604104784
id_h18rx6y3e9,24.4682099430826
id_70v67oh9n6,19.29946704546339
id_jmw9nldr1w,20.648602052194022
id_484spy9w6i,23.27117989441275
id_g65c62aekm,23.634520510847565
id_wv3teofdra,18.25097530685317
id_inx7pj1zao,18.664918347632153
id_ny05t5mh1p,16.455668963431236
id_u5tjmpvirk,19.576703397522547
id_svoeh6do9g,23.848927621590697
id_m25fiokemr,18.94879858817591
id_ot5b3e3mun,19.390048160098846
id_ssjjy0d17f,20.53567256626885
id_yru4k5km7g,24.244012568355842
id_gr9x49t37w,20.803468204809135
id_dmyl2a0wte,16.454333621646175
id_hc5646p82r,17.590243596842882
id_elm57z8vqj,23.138620254168266
id_u0fstcz8di,20.66155301078929
id_qttfy8k8h4,20.365993866972076
id_o3axo0etr3,17.984180976261527
id_2q9jp9vnu1,19.136210518438528
id_q6ms0le9xj,16.3624353816782
id_f93eoya8id,20.304878481531468
id_hueq8wmyii,15.836309971083953
id_lf0lyj77n1,18.797564000441078
id_luf77c9for,18.3086871696293
id_d0ssfcbe7n,22.696661148858702
id_qec98cuhd9,21.780126450672775
id_kj1jee85qf,19.287725703160277
id_tegcy3ymge,18.763132900491108
id_qtt1ub0cqr,18.40461715297331
id_f0n6fd1fzf,20.596607519129094
id_h1ar66egyc,19.655807223828923
id_81jnrshsul,19.08478594099075
id_jcg12akmp5,17.551019182128982
id_aq2pxbmh6f,17.39662872521817
id_e0qqf76fzh,17.616876563723597
id_wg4g9os7j0,21.476361121656385
id_3oodaxb9y5,19.670895897170702
id_kbmagd8awo,16.371894683266035
id_j9h3i8oh4m,19.86283360313169
id_hasyime9kt,16.112813693140147
id_sp1rci8n6i,16.43735673960063
id_pyl3gv21d1,15.976044455699746
id_qal583nrjb,15.173875195317711
id_0jahn21yg4,19.177775352615118
id_cdgc01qbv0,15.656139518081142
id_i6rcrq03t3,14.188010090348143
id_8u55jf04b4,16.360662708654218
id_m6pipj4ki2,18.14519292826686
id_gy8s836zbx,17.049580056067114
id_0uh4v68wol,14.480345778549886
id_7fcx2np47p,15.876670288990509
id_6wr20e0qhu,17.20052325986594
id_tof6i4dxr8,15.82369420265426
id_k9y121i3q6,17.21296169249552
id_ufnloy0p6l,18.662112010451352
id_bmbz4ag2h4,15.63274663320935
id_66fiqi3hb7,17.050763480850073
id_ao488ekn63,14.648657455406187
id_qa08032ux2,14.619641752561966
id_dksj4loxk5,15.154982768165514
id_xcnbk7we8b,13.910485734263915
id_d01xs14b12,14.91345762663098
id_gtbikppc9b,14.126558083910066
id_vexdtontsk,13.561257692039375
id_i2u4lru5pj,15.720870360302794
id_jd4dzel6u7,14.693638251266867
id_lpa9r07z8b,14.760307276088508
id_51jaijw22u,13.21959945950885
id_banl3q7xba,13.11431626859322
id_vutwngujan,12.075554136086922
id_8ymb5tnc39,13.830783637137383
id_5o92himecd,15.997141037889815
id_j65gxna4nx,19.744479426249132
id_ox2wsaw3ia,13.053883396208107
id_k2707sckem,14.147303947285627
id_mpj0lnxacc,15.922139605263293
id_xp21rc9wlj,13.220337085835249
id_95qlrnfn3m,16.064052040112784
id_jjc390qqbh,15.06904748253352
id_5q6ntj5feu,20.209500450773646
id_ulrzxc6or4,18.90361179668224
id_wyvwl4bqdu,14.732749713308728
id_f5b42pbalh,16.87835783751097
id_3piuxvnarz,12.775930823811883
id_ujdq27dnuy,16.113075682093914
id_o3842mf5fv,13.10142656781876
id_vt4p2wegs4,16.431613085773442
id_z4g1p19t95,11.936145800755748
id_bhmbzfmckd,13.32737390371326
id_lx1nwyvve4,12.903820059336045
id_4nsm6zzd4h,11.992927958130746
id_9jra8eod1e,15.845991562580501
id_qbc2s39kpt,13.235774054588784
id_hwtnn2m6nj,13.71857438635539
id_xmn0zn0jvp,13.322358719678855
id_5022yedndd,14.598942514609318
id_wdxog5yev9,12.182204235065324
id_aokky0eeqq,14.226881835156853
id_1929ukjz7m,18.987357106198484
id_6ezdibfpl6,13.6263172120385
id_muark7nz6q,14.994359747445522
id_l6s3otmx1p,16.629915691608453
id_evzd01c14s,24.385663725575867
id_h40j4g6lko,16.898056624201267
id_kn6e9u36j4,19.249313376552415
id_8j6zj2o5v3,20.462061732942765
id_mdql0oe5vo,39.45118061602973
id_0ejmzowt7c,31.721452990317342
id_l7koi9bqvu,23.891018513547003
id_zq9peruavc,34.28596865353073
id_w9vfge8zvy,33.90915381227834
id_m1u3t8z35l,26.747656288922176
id_2akds1jali,28.302652492761
id_wejvfo8xac,22.106841634335247
id_wdhrtx9pfs,20.368793341702876
id_f63m71zrb3,16.31017690627449
id_o0xatx0hcr,14.652165347485099
id_96xc5f8bgh,14.247875602020391
id_0t0yv19f1q,15.132708205110658
id_dih5frts8q,15.070148346862618
id_trmmfm32qe,14.922398060566099
id_hu3sq815oq,17.889597065626653
id_cxfmqit9ap,13.651299082947693
id_7izfmpd326,16.45268738675049
id_qd0tkswd2a,15.230705261856166
id_otlb3hargz,17.564998205548406
id_st47fowvrj,17.813962070327946
id_4h4pdth392,15.060601639439708
id_g8trb7wy8n,14.193906978277983
id_1wx11gvom9,12.976612157400366
id_rvq5ol3w4x,15.399558834661812
id_7sttnrbjre,17.704482770951273
id_pip7eoyzmk,16.389705439954625
id_lb56ukrqt0,15.67547884823981
id_0hyearkq6o,14.990408856738622
id_mr6v3oygt6,13.85923497052882
id_yzbu3830gx,15.072433529322346
id_94p4j6yomt,17.46892497015731
id_53xsefo8ab,13.847661672664556
id_ymuv4r55o4,14.123161124828613
id_nqkiglgq9k,14.81029416920615
id_q6e19plrfx,14.462254820335401
id_poxowfpijt,16.134501042002167
id_qgt2oyneg3,13.3989477359048
id_kr9teempq0,16.07438428110354
id_q43rzgs3e5,16.61394201588929
id_uk0j14fgpq,15.805202109320279
id_h45ejiaqqh,17.901781771921286
id_u08b48hrcu,13.409841920915884
id_jdgiv3t50o,14.438574393609612
id_8h5gfrz1ja,15.745710284882513
id_mslk5ay6w0,17.17695668776272
id_y3hecd28lq,16.216150116983012
id_9cmmjowuen,17.51345644204116
id_3clagfxagj,14.79522282676135
id_8sttc3ns1m,15.145430924044986
id_uv4kyh58kt,17.106276255618532
id_zmu5hapnm7,21.094350790603784
id_ybt3e2qbt8,19.205164557202504
id_yvdig97vvd,19.75731507900231
id_wbsyjlsxkt,17.602360911432015
id_39gbv940fx,20.358882688814
id_78sb1wtf1t,19.932656177829955
id_o191u62lgc,23.06158021229711
id_na0qbpl8m9,17.530081120831845
id_daa5h53t2o,17.047995333414562
id_z1zg8tcsm5,18.623019576973977
id_dkvf88hlsn,20.03463793944521
id_qltsdtf4pb,22.176751711559877
id_rcnbilmlv3,22.36647893135824
id_rjcx3o5cyf,21.728376201842156
id_dcvlcfgert,23.917439950959675
id_jujywo4op0,17.606081693067622
id_dgbg639yj9,21.08763277236491
id_rifhty9d4h,24.317128676400884
id_4cz74rv8a0,23.97692308632078
id_rjuh3wooi0,18.25097530685317
id_26raoqfw3b,18.951840084396995
id_yleyy5sp4g,18.77574887944892
id_7lq42pqlpp,20.845911881871316
id_x2m1scwodc,23.010152167982262
id_fs6ppj71si,18.94879858817591
id_0kq8v62wnx,19.062209852252195
id_qrf9ul8pfd,21.757787118529105
id_7k9rf681ac,24.144667953389742
id_0urpsxojw7,20.854928091628345
id_oj7le10r8n,19.231290877594713
id_8w44b89inq,16.454333621646175
id_jooksgf7r5,17.197151494959606
id_zjwzzwzjvp,22.67324691371051
id_hit20lvy91,20.44226368129251
id_yjzrxrwvr1,19.1309700804431
id_ba1airy6ru,17.23470565748356
id_fatkzdj52m,18.460476703990143
id_h6j3ijc59m,16.07166727331539
id_r29rhi7ayb,20.312864335431897
id_n2328yoyny,16.16745720228687
id_2i3htqk8wu,18.862748255260726
id_y8t6iz10zy,18.024360061163783
id_j2xlsmt1az,20.94338825229566
id_zul4loljtn,21.26221548827792
id_5lfy1u1m5t,19.267661116464595
id_4r448lp054,18.763132900491108
id_ks3yurf69t,18.078758065238475
id_xlx05ev9ep,19.95201566331303
id_ybqhvfmvb4,19.614850843239413
id_osbg0v4o7k,18.918443298566324
id_34amm2jgt1,17.551019182128982
id_651jn1ycqz,17.491997566149774
id_bjh20jwc0s,16.914895412539572
id_ev56qyrn6d,19.301029147821264
id_8zf79ts7q8,19.491449919818912
id_fsat380gb4,15.353762911525457
id_5y6h6w77t4,20.215949591157173
id_ux3m69xsv5,15.670800201172327
id_4y4b5x6oqs,16.395665412604256
id_4cmqu4avth,13.45984314528592
id_gd9bm0av1u,14.11451722766579
id_wkp093zyqi,17.357232646651738
id_ubo7o5c61g,15.743441684295764
id_da2q2o7k02,14.241666801239521
id_sfcmtklyr8,16.360662708654218
id_qon3ototf6,17.993608132633806
id_b1pwwzubs1,16.247666211397977
id_idrbyq1iwo,14.726395783307582
id_eo5tner8f9,15.86493337824004
id_dsl16jenz6,16.209427516540323
id_v5frf00iux,15.823680979738047
id_tijwl63sul,15.157358893188885
id_4nertyfo2z,17.503421372447733
id_1h3y0ycsbh,15.63274663320935
id_5ew52k2xfs,15.341489921478576
id_c1hedne5tu,14.845744931588749
id_drxgi1b55w,14.644635637260922
id_b764z0tp5c,14.27452007609076
id_n3ksb769k6,13.88090624996174
id_jvruvalbrm,15.031347328763415
id_qv4ehj6p1w,14.968918357196884
id_jxdgurw8vk,13.509667252566258
id_2ymafuhxw9,15.717609956201667
id_xgqoe9srqb,15.185202619744004
id_swi6t9g6aj,14.74807827230359
id_ttjz1pj6fm,13.21959945950885
id_8xv38j3a4z,12.945936939168746
id_yrqtamezkd,11.745838343715338
id_dzmpo7xtkf,14.107069467899173
id_u98r20l7ih,14.681859693656147
id_15w4tm2lvc,19.891589888735673
id_f2rhz6xl9n,13.073232695303759
id_so3qn2op6b,16.587823237908687
id_j5evcz5irl,13.543257551164814
id_4hfhscd1n7,14.702002427215119
id_akaaqo1io1,13.15851457761742
id_677lexrm68,16.064052040112784
id_4555ud3olu,13.855376265571241
id_b0q1fq9sgn,18.91975011114803
id_lbljktjgzg,14.325978958603441
id_ph7h4vs00p,17.20727686461295
id_8k0yeqq8re,11.956976528195085
id_0z3pcoyibd,16.346535508659272
id_riellbxfqz,13.611167160713102
id_22067fyb6o,16.418165221447758
id_fcxnbnpbtq,12.94646367487156
id_058r7cipy5,13.149708727147987
id_58g26ly3b3,12.787894340914397
id_hfta2jdk0t,12.02501497752803
id_l0z16v7e6t,15.760203001871359
id_z696ot1p1u,13.235774054588784
id_ok22kq81e3,13.71857438635539
id_8c4sb9ee7u,13.37504606252768
id_j83bo3ks17,15.104506361891058
id_8vcb1z1tah,12.01816065694249
id_cfy6d3jhx7,15.12824096931693
id_krv1ca6cfb,18.351915260237575
id_3d0miob1p5,13.948966629391334
id_iib9ayuluh,15.59637245253033
id_t5k9sx5xqf,17.0651868644252
id_zkw0mo1z9v,24.615997271354495
id_sjwqgvoa6l,17.490116730082285
id_vzxomw7xu0,19.700413232553096
id_ig9ksmea4f,19.539325917504456
id_p70jdvpgtu,39.57646650348868
id_m0gtw6nh7p,30.420186249755233
id_i0y6y5f0km,25.243982562135926
id_hyf3spl0wf,34.411809895308
id_rshwplefjs,33.8767016853358
id_3b0x2a5kdq,25.961574780245712
id_7d9vzan37b,28.286878590469193
id_1ma4lggm82,23.633455710728043
id_pym8ooemqb,19.934478884073645
id_hc62abtu6k,15.69686380997857
id_r8r0rkheji,16.54449240195413
id_xlindtdnz2,15.198119174587312
id_lnjrpbezhk,17.27203900398701
id_mgtu4ilbfd,21.95302529593074
id_5xqaypkkvs,23.890858013289797
id_w3so8j4bv7,17.27786098558248
id_7w1zp8cjcn,18.664918347632153
id_67uys7wrv4,19.102274383858138
id_r17gddig0j,19.780599445368747
id_e3vuqck2h6,19.002753131186118
id_fhszavu8ax,17.452069039584632
id_luamixbkgq,24.980936022266707
id_kqm2f56xwc,21.18856776603583
id_zyxetqm6wu,19.12201367423745
id_dz8pj6oclh,16.628538127462804
id_adeyv5o4f7,17.882400006967067
id_fz6qqj1h1a,20.26264203809069
id_n87wj2ambh,20.20866957191001
id_f70k3emlx3,20.218969196359733
id_vgoievdbtz,15.231517787321406
id_zh20dby41t,16.799317338821435
id_8bvi6lu9pe,16.16745720228687
id_q160zgg9me,18.802380326902604
id_4626is4jb1,18.1146952667702
id_yb12y6lzfu,22.010036726860225
id_q28sbilqoc,19.086231355984054
id_tum04j3i0k,18.839308727538086
id_rmvr6nrclw,20.41626030533142
id_htvqxawa72,18.34106287673414
id_fz1uc4v5j0,19.57807919074111
id_7b5p3b0df6,19.06422578810761
id_2g79ep4pkj,15.39586896598379
id_iqortjdma0,18.430517833584176
id_le8f4g0pzu,15.40465059086028
id_ekpzp4t5c4,16.42910076475845
id_gesmljsvjr,13.45984314528592
id_psei1suku6,14.185004048822016
id_hqwm0196vz,16.646284257666892
id_69rxifzt35,16.20833872019469
id_4o96zxaznr,14.561018099878087
id_3wrfo6380m,16.360662708654218
id_1fty7ttimn,16.905177777146534
id_c57ji3ham6,15.705403751098995
id_wvw6k6vp72,15.926695080033532
id_0p1s7vp852,15.429984632536554
id_b52rchktoy,17.49989989089021
id_xgf7g7nfe7,15.841980178726761
id_sm7nxaxevr,16.938361757311185
id_pyl58w1gtb,14.619641752561966
id_nqbx4rommx,14.140118557978253
id_19wzlmlzng,13.820979258678097
id_z1hdqiwyma,13.46247136822763
id_5mgd2i895h,18.915372249712377
id_60a72t2cay,14.538972371761416
id_a66evs0aqw,14.593569567941795
id_iuiyr65rvv,12.871932085925907
id_eaknqbzf77,14.107069467899173
id_stb9gc066l,19.363103278646573
id_qaykme2vjm,16.258679677764192
id_dt2xwaz5io,14.532805063365945
id_733wbi020k,14.838753160994253
id_m1jmaidc1m,21.029801209278276
id_iq7tgns55s,22.723891202668778
id_fyy6i6j06h,14.45714586055416
id_anv4htdeo8,20.028884267318826
id_f1xdbych81,15.085030347071559
id_vjajvq9znt,12.662784947314858
id_sqcw91cgln,13.63446503391184
id_w0kn8lsfm6,15.027115316742464
id_d0y2cmg99p,12.538441363842606
id_c0lde7ws35,20.938236461966202
id_nkpuzearf0,13.216944344608851
id_dny7wqpwsi,12.292846902059445
id_mut5ylxif1,22.18608874023515
id_6v6apoias7,12.159393720896045
id_aanbewd75e,14.184805407976985
id_g3wrkoouk4,24.045648565946074
id_nwndwrpf8o,15.104506361891058
id_21ug002h0q,15.902864330127871
id_pd01tyg62p,16.249013558128503
id_wcb0ckggc7,30.551051392125686
id_3xfe9y6qy2,26.655407946271673
id_sg7nyshurw,15.59637245253033
id_fl01fpudeo,28.65142246196075
id_oz6t207lje,30.61399020790884
id_yq2em36nu1,17.374410447394062
id_fe0mlkkqtt,19.30781778738293
id_1lzokw7hi1,19.081234938003316
id_1pgeidv7p1,40.257064456864796
id_lbrv1ljzfv,30.420186249755233
id_ws4vk1maeh,20.359923599843675
id_lkjm5o21jg,35.86172087167371
id_esgom4jjh0,35.386341335339196
id_5wgz7hxu3q,25.28367418623173
id_ce45fi3i9r,34.8641059472304
id_e0fmjam36n,21.1277025970479
id_t9gpc6cl08,18.841686985966213
id_kmohqwxbue,15.095133014214001
id_dswkvfgg96,15.7394565020378
id_72kefc7g3s,15.006511995045152
id_fsdqdwkhec,13.947283058343942
id_yaf7kh6asz,14.719076173831304
id_d3xd7t76g8,17.557547576777655
id_ekxnkkalys,13.847661672664556
id_foo1qhnhh4,14.123161124828613
id_4gaub27eaz,14.871098950454648
id_u8ysh8pwg1,14.517468790265843
id_zwxals7wca,16.134501042002167
id_qs4s1l5v79,13.3989477359048
id_k5fj3oay3x,14.4689952870716
id_3bwp89pu3m,15.458206649541737
id_e9eglkp5vv,15.322368490201018
id_t4qjrlzxns,17.901781771921286
id_kn8xo43og2,13.11817318860303
id_48859izqh3,14.438574393609612
id_9967xanbmk,15.784146894040752
id_eh3ys96anu,16.53209627763898
id_5bgqsh9x4k,16.255484935329214
id_jwouft46is,16.497110653097163
id_3ck9tvimgh,14.760744043562362
id_n6s7duali8,15.146003125953351
id_6kgl1almmg,16.975934538588078
id_gxefptsqvq,21.094350790603784
id_ygnr1sn381,19.230433325616325
id_v3y11kgwad,19.783018969865925
id_q2fgzp3xx3,17.584533659511287
id_s7k292eya7,20.033940715428884
id_jt2rysim4p,20.67698335848919
id_yn9vzuflej,23.04792156712694
id_362cko5nwx,17.307329711756758
id_d9dv3lr4k1,17.047995333414562
id_10un4lyvek,19.316978660124754
id_z0j05634v8,21.282122548347477
id_txhxlogsxn,20.42230452525552
id_18c3488pxk,22.478828580434012
id_la1ypixght,20.210165711252543
id_t9njgxp6v6,23.721460675532605
id_b8yn1i9rx8,17.191151386680957
id_o2y4vg1agv,21.495772443984166
id_fvx3zhir92,24.317128676400884
id_nfj7rfs9a1,18.983747462779622
id_b9q3y3r7t3,16.1246967000325
id_yio3jfuvmy,20.312864335431897
id_54qfk101o1,16.16745720228687
id_vox6mwiloh,18.800743887791004
id_u1xceey131,17.974997080946306
id_dxpgh1o1t3,19.48704215128209
id_2ujws46vir,21.2503521073787
id_2n7hyhtkrb,19.02353889229654
id_4779bmeme0,18.763132900491108
id_b3eztfwajg,17.865129806767136
id_f33f3mdfla,20.148322110416895
id_xkpq6na5ee,18.50383976880547
id_3ihace1d7c,19.102753256353004
id_z6wylocn17,17.508049442229456
id_pm68i3c3wd,16.28952038205987
id_trjqjao4jd,16.428524651269278
id_1w15d7g4ge,19.49539559807606
id_3aici5cdi6,19.491449919818912
id_kbloxrog5z,15.39586896598379
id_ovmpiycff0,18.430517833584176
id_ly3xdcti5t,15.40465059086028
id_qb0ptrppyi,16.229123402833096
id_wxb5nd3qgd,13.21569045974043
id_1ry1ir7o6d,14.185004048822016
id_6wbo7y25e7,16.646284257666892
id_tse3bpfaes,15.724986094659162
id_9n988uuhtq,14.216965527275633
id_nzhdqdkc5b,16.360662708654218
id_4gabr5bciq,16.906802417727945
id_dc61oe5crn,16.247666211397977
id_7lbdu1bryj,14.420655624652513
id_mhqk3070i7,15.920982572095916
id_thtyylis4v,16.66538775197342
id_5iiheoohcw,15.914474022833025
id_vjiqa7ykcq,15.429984632536554
id_638vs5aq61,17.54662751221064
id_6cjnt5825x,15.752981573327112
id_534km866kg,15.98003301804349
id_fzkvzetszz,14.932739897133017
id_uwuc9e0lop,14.55026909594756
id_ncfz0o03wc,14.140118557978253
id_1sd88o70w0,13.88090624996174
id_9q3xoxtkc5,15.0258122636459
id_9xf47hwalo,13.820979258678097
id_c9e6k7t8xv,13.509667252566258
id_60hy4zghxo,15.845668250770526
id_vcj2pr28k2,14.436187479847218
id_nik15zq29r,14.74807827230359
id_gbsfx2i90n,13.21959945950885
id_sm9wfzdrfb,12.043070454356311
id_wa0hhql9xd,12.090825409535672
id_xyicbz69wn,14.107069467899173
id_fzfp1gfiyc,14.855100211640103
id_6jd6rh3joo,20.155477303900888
id_hohuu1719a,12.992806801012053
id_45rgo61j3e,16.587823237908687
id_x29n2ig0by,13.543257551164814
id_6pqpt4bc2y,14.702002427215119
id_kix768jdnh,13.15851457761742
id_p4u0awuwyi,16.052325690585135
id_5pkc8dc3pp,13.78848414817487
id_o8g3g3fyi1,20.262751908087075
id_gwi1towzf6,18.803714138117293
id_tl446ky5so,14.485993600467436
id_fv0k1xke9b,17.36315767236991
id_17qgwq8hor,12.677484250312151
id_h169vb8h8d,12.662784947314858
id_vuv2g91m7z,13.457699994402688
id_o62drksqmp,16.418165221447758
id_uvitqz5bhf,12.538441363842606
id_x1v4xuet0h,13.710809236649773
id_jr4seoen2w,13.221121747530947
id_q1efjaqgq0,12.02501497752803
id_ji3o8np61b,15.944043712183325
id_vp8mci8xh0,13.235774054588784
id_x5f7i7wjcu,14.184805407976985
id_eej779rshs,13.759386081965332
id_l9g1xrh5vp,15.104506361891058
id_9qz231bbzd,11.874286818212338
id_3jf3q7rnyi,15.12824096931693
id_y2oiminmvu,18.698571400233767
id_kj1d4jsmhg,13.948966629391334
id_b9dbh7l628,15.59637245253033
id_qkxd74j593,16.8870181369722
id_f9aer27ojz,24.774966213410018
id_v6ovtq73uh,17.595387035633337
id_dha8u73072,19.743430076856125
id_5cdrvce6lw,19.081234938003316
id_05y9wpsdwc,30.420186249755233
id_ty03p4f7jh,22.92236220042085
id_4rxcuqqsqp,34.31204967132547
id_x8pk6xpjba,33.77961061016147
id_rjgh33lh9s,25.961574780245712
id_07eag0levd,28.286878590469193
id_vxesong654,19.432042535753798
id_14j7bt588k,18.841686985966213
id_16wvcdazgi,17.704482770951273
id_iq6jofmcl3,18.082477656378558
id_tdu0u91xwk,15.645879242656473
id_62jccue0vl,14.846617365418433
id_3sef84eg2u,13.96595568742655
id_w0f6u87fds,16.467401237936553
id_jwcwkcbb4n,13.847661672664556
id_sipbb762jx,14.380044021718351
id_pw524o2hj4,17.038454443276393
id_qlj4brmgs2,13.3989477359048
id_6fw4q0j9so,14.05180394114527
id_squdps1yn8,18.155660616949206
id_92ijbpy5c7,16.27497128725917
id_5mdgs1tb11,13.183526027589982
id_pq77lq5wej,14.525577114128248
id_46mfsuetx3,15.687194867265188
id_l66xs53vq0,16.493659668480742
id_edk0v1a8wn,16.55992916569248
id_nztzaid365,15.646454091652728
id_1k9uqfcnfq,19.016210499343018
id_5rcti4kobf,16.894282077303465
id_al1l3ahw7b,20.19659794687733
id_3f3rzgujod,23.350903498009743
id_fr4pynhbb8,17.589713905545686
id_rnuqsg891b,18.95404951614826
id_3qw0q1r8qa,18.485209660324134
id_o84bqle0x6,19.745203042579615
id_han5yb04s9,18.282301629099486
id_n7pgevpqei,17.538660165694807
id_j0aw1xyk9t,21.31710519886447
id_xpcbsjawvs,21.009520090427703
id_y8vz7smn74,18.653587331857494
id_xtbriixm7z,17.658584986228544
id_l47atvid60,18.621350217076206
id_gqpbs3ql9v,18.880847581608165
id_mohvibrck6,15.244810561288272
id_m2e2vhsgc5,17.980263676055706
id_6q2dw9x7y4,16.488794626502866
id_r8hora5q1m,21.128201775896173
id_chvslqlmkj,19.372198620208955
id_z8b1es3pzh,18.10461811787265
id_crc6ejtto8,14.108981151697328
id_4hw7jthh0g,16.003200127977866
id_rtp2qosss7,14.109075704664741
id_2keurz29m5,16.92614906056178
id_5f0tzdcdu0,15.228641376325626
id_6g5cbmuktq,15.427788428106377
id_njm4qcclts,17.035683451666447
id_t8gjwi01yc,15.899645426488291
id_dfcidlgn6x,16.815410051684534
id_f7whsdcam5,13.575920880591767
id_hga8rjdes3,14.819795346717893
id_32z89yhhic,14.210454204308713
id_pza69wztdl,12.948620238997801
id_ndfihwmpp8,14.515144645261742
id_v6uj9ttsd9,17.814718892784246
id_qi267vxsvl,14.09776668120894
id_oezislbogz,14.79003732205003
id_yzmptlwk5v,12.910939344001509
id_1wgvveqkxt,12.579963736942979
id_hyunf795m9,13.995523039777435
id_9vmusmwa1w,14.855100211640103
id_7set4vt1jc,20.752394101885866
id_xsuqw4qhef,15.090312199247101
id_5rb2kj08fr,15.373554756208053
id_hub405wg5o,14.477096115414252
id_1dl4uombn1,12.611363579071208
id_0m5pjvhhts,19.872339683928853
id_vlpyl2jer5,40.51416620013646
id_5qffgu5u3n,43.0701899020239
id_j988bph6z4,40.72150479051514
id_ws4odrtze8,39.651381529030544
id_ohyxbff88h,43.01844112663355
id_dz40i4pbqo,42.792141333897916
id_kfb0js1w3k,40.118906943593274
id_z6dnfzl23b,39.67327320050063
id_wh6a14b72u,43.1559717520727
id_2gcokul8h5,42.14729280786274
id_ju5045k8te,40.88277980744303
id_lx8g1rejy7,40.44146076307191
id_1ccceino2g,38.652456618010376
id_pkszxukfw8,47.56388711536458
id_irjroluzw5,43.988236386235
id_41oiry183k,39.61464533555457
id_cfcgnt1ghb,40.85641507403528
id_sjd7rg1oll,47.41708886793501
id_364xgx2f9d,47.79149306552316
id_fy2bmhco3s,48.20747408259692
id_axh2ddc911,43.42241755936698
id_29vkc8fnf2,42.90079307368174
id_4ohuy386ux,41.47630371672565
id_ny7vfafssc,40.53334218848352
id_f67k2oy6ky,44.35257542605749
id_cphmkwhhm1,43.80293773071339
id_jhqjrinix0,41.79238102351173
id_n5se9alz2t,40.536372056650634
id_wtahd5vwwm,44.035885304913954
id_07q159o6c5,44.721267428054524
id_zuwn8cdmpg,41.774529782917526
id_h18pxnwgaz,40.90217931845528
id_jkeoakg1zs,40.957755905851954
id_jvc6j31d7r,44.68198282957353
id_tp5jxexuje,29.479914912666317
id_dkv9vzan2j,43.704892713458655
id_21jsagai52,32.73816899110814
id_5j5wrd0r76,44.85344568075945
id_hafhcdf5fe,44.5379004793163
id_ng9duxlksi,42.27688077511275
id_xdcw1447i6,42.19314956923134
id_c530clrtlp,42.235395887058516
id_7bmurid7pw,41.68973236365905
id_z2s38nz9hk,40.42161399025313
id_c9cycuvetl,44.281490135499375
id_8xu1ardxni,44.16578633961011
id_aumy97t1iu,41.82988399658343
id_cv1dq53hzh,40.54485515077036
